"landtype","spp","poolID","DOMName","amountAtT0"
130,"ABIE.BAL",1,"VF_A",0
130,"ABIE.BAL",2,"VF_B",0
130,"ABIE.BAL",3,"Fast_A",12
130,"ABIE.BAL",4,"Fast_B",0
130,"ABIE.BAL",5,"MED",15
130,"ABIE.BAL",6,"Slow_A",306
130,"ABIE.BAL",7,"Slow_B",245
130,"ABIE.BAL",8,"Sng_Stem",7
130,"ABIE.BAL",9,"Sng_Oth",3
130,"ABIE.BAL",10,"Extra",0
130,"ACER.RUB",1,"VF_A",0
130,"ACER.RUB",2,"VF_B",0
130,"ACER.RUB",3,"Fast_A",6
130,"ACER.RUB",4,"Fast_B",0
130,"ACER.RUB",5,"MED",8
130,"ACER.RUB",6,"Slow_A",158
130,"ACER.RUB",7,"Slow_B",127
130,"ACER.RUB",8,"Sng_Stem",3
130,"ACER.RUB",9,"Sng_Oth",2
130,"ACER.RUB",10,"Extra",0
130,"ACER.SAH",1,"VF_A",0
130,"ACER.SAH",2,"VF_B",0
130,"ACER.SAH",3,"Fast_A",13
130,"ACER.SAH",4,"Fast_B",0
130,"ACER.SAH",5,"MED",16
130,"ACER.SAH",6,"Slow_A",332
130,"ACER.SAH",7,"Slow_B",266
130,"ACER.SAH",8,"Sng_Stem",7
130,"ACER.SAH",9,"Sng_Oth",3
130,"ACER.SAH",10,"Extra",0
130,"BETU.ALL",1,"VF_A",0
130,"BETU.ALL",2,"VF_B",0
130,"BETU.ALL",3,"Fast_A",35
130,"BETU.ALL",4,"Fast_B",0
130,"BETU.ALL",5,"MED",43
130,"BETU.ALL",6,"Slow_A",896
130,"BETU.ALL",7,"Slow_B",717
130,"BETU.ALL",8,"Sng_Stem",19
130,"BETU.ALL",9,"Sng_Oth",9
130,"BETU.ALL",10,"Extra",0
130,"BETU.PAP",1,"VF_A",0
130,"BETU.PAP",2,"VF_B",0
130,"BETU.PAP",3,"Fast_A",1
130,"BETU.PAP",4,"Fast_B",0
130,"BETU.PAP",5,"MED",1
130,"BETU.PAP",6,"Slow_A",15
130,"BETU.PAP",7,"Slow_B",12
130,"BETU.PAP",8,"Sng_Stem",0
130,"BETU.PAP",9,"Sng_Oth",0
130,"BETU.PAP",10,"Extra",0
130,"FAGU.GRA",1,"VF_A",0
130,"FAGU.GRA",2,"VF_B",0
130,"FAGU.GRA",3,"Fast_A",6
130,"FAGU.GRA",4,"Fast_B",0
130,"FAGU.GRA",5,"MED",8
130,"FAGU.GRA",6,"Slow_A",161
130,"FAGU.GRA",7,"Slow_B",129
130,"FAGU.GRA",8,"Sng_Stem",3
130,"FAGU.GRA",9,"Sng_Oth",2
130,"FAGU.GRA",10,"Extra",0
130,"LARI.LAR",1,"VF_A",0
130,"LARI.LAR",2,"VF_B",0
130,"LARI.LAR",3,"Fast_A",0
130,"LARI.LAR",4,"Fast_B",0
130,"LARI.LAR",5,"MED",0
130,"LARI.LAR",6,"Slow_A",4
130,"LARI.LAR",7,"Slow_B",3
130,"LARI.LAR",8,"Sng_Stem",0
130,"LARI.LAR",9,"Sng_Oth",0
130,"LARI.LAR",10,"Extra",0
130,"PICE.GLA",1,"VF_A",0
130,"PICE.GLA",2,"VF_B",0
130,"PICE.GLA",3,"Fast_A",18
130,"PICE.GLA",4,"Fast_B",0
130,"PICE.GLA",5,"MED",23
130,"PICE.GLA",6,"Slow_A",470
130,"PICE.GLA",7,"Slow_B",376
130,"PICE.GLA",8,"Sng_Stem",10
130,"PICE.GLA",9,"Sng_Oth",5
130,"PICE.GLA",10,"Extra",0
130,"PICE.MAR",1,"VF_A",0
130,"PICE.MAR",2,"VF_B",0
130,"PICE.MAR",3,"Fast_A",13
130,"PICE.MAR",4,"Fast_B",0
130,"PICE.MAR",5,"MED",16
130,"PICE.MAR",6,"Slow_A",339
130,"PICE.MAR",7,"Slow_B",271
130,"PICE.MAR",8,"Sng_Stem",7
130,"PICE.MAR",9,"Sng_Oth",4
130,"PICE.MAR",10,"Extra",0
130,"PICE.RUB",1,"VF_A",0
130,"PICE.RUB",2,"VF_B",0
130,"PICE.RUB",3,"Fast_A",113
130,"PICE.RUB",4,"Fast_B",0
130,"PICE.RUB",5,"MED",139
130,"PICE.RUB",6,"Slow_A",2897
130,"PICE.RUB",7,"Slow_B",2317
130,"PICE.RUB",8,"Sng_Stem",62
130,"PICE.RUB",9,"Sng_Oth",30
130,"PICE.RUB",10,"Extra",0
130,"PINU.BAN",1,"VF_A",0
130,"PINU.BAN",2,"VF_B",0
130,"PINU.BAN",3,"Fast_A",5
130,"PINU.BAN",4,"Fast_B",0
130,"PINU.BAN",5,"MED",7
130,"PINU.BAN",6,"Slow_A",141
130,"PINU.BAN",7,"Slow_B",113
130,"PINU.BAN",8,"Sng_Stem",3
130,"PINU.BAN",9,"Sng_Oth",1
130,"PINU.BAN",10,"Extra",0
130,"PINU.RES",1,"VF_A",0
130,"PINU.RES",2,"VF_B",0
130,"PINU.RES",3,"Fast_A",0
130,"PINU.RES",4,"Fast_B",0
130,"PINU.RES",5,"MED",0
130,"PINU.RES",6,"Slow_A",0
130,"PINU.RES",7,"Slow_B",0
130,"PINU.RES",8,"Sng_Stem",0
130,"PINU.RES",9,"Sng_Oth",0
130,"PINU.RES",10,"Extra",0
130,"PINU.STR",1,"VF_A",0
130,"PINU.STR",2,"VF_B",0
130,"PINU.STR",3,"Fast_A",6
130,"PINU.STR",4,"Fast_B",0
130,"PINU.STR",5,"MED",7
130,"PINU.STR",6,"Slow_A",154
130,"PINU.STR",7,"Slow_B",123
130,"PINU.STR",8,"Sng_Stem",3
130,"PINU.STR",9,"Sng_Oth",2
130,"PINU.STR",10,"Extra",0
130,"POPU.TRE",1,"VF_A",0
130,"POPU.TRE",2,"VF_B",0
130,"POPU.TRE",3,"Fast_A",1
130,"POPU.TRE",4,"Fast_B",0
130,"POPU.TRE",5,"MED",1
130,"POPU.TRE",6,"Slow_A",25
130,"POPU.TRE",7,"Slow_B",20
130,"POPU.TRE",8,"Sng_Stem",1
130,"POPU.TRE",9,"Sng_Oth",0
130,"POPU.TRE",10,"Extra",0
130,"QUER.RUB",1,"VF_A",0
130,"QUER.RUB",2,"VF_B",0
130,"QUER.RUB",3,"Fast_A",5
130,"QUER.RUB",4,"Fast_B",0
130,"QUER.RUB",5,"MED",7
130,"QUER.RUB",6,"Slow_A",138
130,"QUER.RUB",7,"Slow_B",110
130,"QUER.RUB",8,"Sng_Stem",3
130,"QUER.RUB",9,"Sng_Oth",1
130,"QUER.RUB",10,"Extra",0
130,"THUJ.SPP.ALL",1,"VF_A",0
130,"THUJ.SPP.ALL",2,"VF_B",0
130,"THUJ.SPP.ALL",3,"Fast_A",15
130,"THUJ.SPP.ALL",4,"Fast_B",0
130,"THUJ.SPP.ALL",5,"MED",18
130,"THUJ.SPP.ALL",6,"Slow_A",377
130,"THUJ.SPP.ALL",7,"Slow_B",301
130,"THUJ.SPP.ALL",8,"Sng_Stem",8
130,"THUJ.SPP.ALL",9,"Sng_Oth",4
130,"THUJ.SPP.ALL",10,"Extra",0
130,"TSUG.CAN",1,"VF_A",0
130,"TSUG.CAN",2,"VF_B",0
130,"TSUG.CAN",3,"Fast_A",9
130,"TSUG.CAN",4,"Fast_B",0
130,"TSUG.CAN",5,"MED",11
130,"TSUG.CAN",6,"Slow_A",222
130,"TSUG.CAN",7,"Slow_B",177
130,"TSUG.CAN",8,"Sng_Stem",5
130,"TSUG.CAN",9,"Sng_Oth",2
130,"TSUG.CAN",10,"Extra",0
131,"ABIE.BAL",1,"VF_A",0
131,"ABIE.BAL",2,"VF_B",0
131,"ABIE.BAL",3,"Fast_A",14
131,"ABIE.BAL",4,"Fast_B",0
131,"ABIE.BAL",5,"MED",18
131,"ABIE.BAL",6,"Slow_A",367
131,"ABIE.BAL",7,"Slow_B",293
131,"ABIE.BAL",8,"Sng_Stem",8
131,"ABIE.BAL",9,"Sng_Oth",4
131,"ABIE.BAL",10,"Extra",0
131,"ACER.RUB",1,"VF_A",0
131,"ACER.RUB",2,"VF_B",0
131,"ACER.RUB",3,"Fast_A",8
131,"ACER.RUB",4,"Fast_B",0
131,"ACER.RUB",5,"MED",10
131,"ACER.RUB",6,"Slow_A",197
131,"ACER.RUB",7,"Slow_B",158
131,"ACER.RUB",8,"Sng_Stem",4
131,"ACER.RUB",9,"Sng_Oth",2
131,"ACER.RUB",10,"Extra",0
131,"ACER.SAH",1,"VF_A",0
131,"ACER.SAH",2,"VF_B",0
131,"ACER.SAH",3,"Fast_A",14
131,"ACER.SAH",4,"Fast_B",0
131,"ACER.SAH",5,"MED",17
131,"ACER.SAH",6,"Slow_A",355
131,"ACER.SAH",7,"Slow_B",284
131,"ACER.SAH",8,"Sng_Stem",8
131,"ACER.SAH",9,"Sng_Oth",4
131,"ACER.SAH",10,"Extra",0
131,"BETU.ALL",1,"VF_A",0
131,"BETU.ALL",2,"VF_B",0
131,"BETU.ALL",3,"Fast_A",42
131,"BETU.ALL",4,"Fast_B",0
131,"BETU.ALL",5,"MED",52
131,"BETU.ALL",6,"Slow_A",1076
131,"BETU.ALL",7,"Slow_B",860
131,"BETU.ALL",8,"Sng_Stem",23
131,"BETU.ALL",9,"Sng_Oth",11
131,"BETU.ALL",10,"Extra",0
131,"BETU.PAP",1,"VF_A",0
131,"BETU.PAP",2,"VF_B",0
131,"BETU.PAP",3,"Fast_A",1
131,"BETU.PAP",4,"Fast_B",0
131,"BETU.PAP",5,"MED",1
131,"BETU.PAP",6,"Slow_A",13
131,"BETU.PAP",7,"Slow_B",10
131,"BETU.PAP",8,"Sng_Stem",0
131,"BETU.PAP",9,"Sng_Oth",0
131,"BETU.PAP",10,"Extra",0
131,"FAGU.GRA",1,"VF_A",0
131,"FAGU.GRA",2,"VF_B",0
131,"FAGU.GRA",3,"Fast_A",10
131,"FAGU.GRA",4,"Fast_B",0
131,"FAGU.GRA",5,"MED",13
131,"FAGU.GRA",6,"Slow_A",267
131,"FAGU.GRA",7,"Slow_B",213
131,"FAGU.GRA",8,"Sng_Stem",6
131,"FAGU.GRA",9,"Sng_Oth",3
131,"FAGU.GRA",10,"Extra",0
131,"LARI.LAR",1,"VF_A",0
131,"LARI.LAR",2,"VF_B",0
131,"LARI.LAR",3,"Fast_A",0
131,"LARI.LAR",4,"Fast_B",0
131,"LARI.LAR",5,"MED",0
131,"LARI.LAR",6,"Slow_A",2
131,"LARI.LAR",7,"Slow_B",2
131,"LARI.LAR",8,"Sng_Stem",0
131,"LARI.LAR",9,"Sng_Oth",0
131,"LARI.LAR",10,"Extra",0
131,"PICE.GLA",1,"VF_A",0
131,"PICE.GLA",2,"VF_B",0
131,"PICE.GLA",3,"Fast_A",32
131,"PICE.GLA",4,"Fast_B",0
131,"PICE.GLA",5,"MED",39
131,"PICE.GLA",6,"Slow_A",815
131,"PICE.GLA",7,"Slow_B",652
131,"PICE.GLA",8,"Sng_Stem",17
131,"PICE.GLA",9,"Sng_Oth",8
131,"PICE.GLA",10,"Extra",0
131,"PICE.MAR",1,"VF_A",0
131,"PICE.MAR",2,"VF_B",0
131,"PICE.MAR",3,"Fast_A",14
131,"PICE.MAR",4,"Fast_B",0
131,"PICE.MAR",5,"MED",17
131,"PICE.MAR",6,"Slow_A",359
131,"PICE.MAR",7,"Slow_B",287
131,"PICE.MAR",8,"Sng_Stem",8
131,"PICE.MAR",9,"Sng_Oth",4
131,"PICE.MAR",10,"Extra",0
131,"PICE.RUB",1,"VF_A",0
131,"PICE.RUB",2,"VF_B",0
131,"PICE.RUB",3,"Fast_A",82
131,"PICE.RUB",4,"Fast_B",0
131,"PICE.RUB",5,"MED",102
131,"PICE.RUB",6,"Slow_A",2113
131,"PICE.RUB",7,"Slow_B",1690
131,"PICE.RUB",8,"Sng_Stem",45
131,"PICE.RUB",9,"Sng_Oth",22
131,"PICE.RUB",10,"Extra",0
131,"PINU.BAN",1,"VF_A",0
131,"PINU.BAN",2,"VF_B",0
131,"PINU.BAN",3,"Fast_A",1
131,"PINU.BAN",4,"Fast_B",0
131,"PINU.BAN",5,"MED",1
131,"PINU.BAN",6,"Slow_A",15
131,"PINU.BAN",7,"Slow_B",12
131,"PINU.BAN",8,"Sng_Stem",0
131,"PINU.BAN",9,"Sng_Oth",0
131,"PINU.BAN",10,"Extra",0
131,"PINU.RES",1,"VF_A",0
131,"PINU.RES",2,"VF_B",0
131,"PINU.RES",3,"Fast_A",0
131,"PINU.RES",4,"Fast_B",0
131,"PINU.RES",5,"MED",0
131,"PINU.RES",6,"Slow_A",0
131,"PINU.RES",7,"Slow_B",0
131,"PINU.RES",8,"Sng_Stem",0
131,"PINU.RES",9,"Sng_Oth",0
131,"PINU.RES",10,"Extra",0
131,"PINU.STR",1,"VF_A",0
131,"PINU.STR",2,"VF_B",0
131,"PINU.STR",3,"Fast_A",10
131,"PINU.STR",4,"Fast_B",0
131,"PINU.STR",5,"MED",13
131,"PINU.STR",6,"Slow_A",264
131,"PINU.STR",7,"Slow_B",211
131,"PINU.STR",8,"Sng_Stem",6
131,"PINU.STR",9,"Sng_Oth",3
131,"PINU.STR",10,"Extra",0
131,"POPU.TRE",1,"VF_A",0
131,"POPU.TRE",2,"VF_B",0
131,"POPU.TRE",3,"Fast_A",0
131,"POPU.TRE",4,"Fast_B",0
131,"POPU.TRE",5,"MED",1
131,"POPU.TRE",6,"Slow_A",12
131,"POPU.TRE",7,"Slow_B",10
131,"POPU.TRE",8,"Sng_Stem",0
131,"POPU.TRE",9,"Sng_Oth",0
131,"POPU.TRE",10,"Extra",0
131,"QUER.RUB",1,"VF_A",0
131,"QUER.RUB",2,"VF_B",0
131,"QUER.RUB",3,"Fast_A",6
131,"QUER.RUB",4,"Fast_B",0
131,"QUER.RUB",5,"MED",7
131,"QUER.RUB",6,"Slow_A",150
131,"QUER.RUB",7,"Slow_B",120
131,"QUER.RUB",8,"Sng_Stem",3
131,"QUER.RUB",9,"Sng_Oth",2
131,"QUER.RUB",10,"Extra",0
131,"THUJ.SPP.ALL",1,"VF_A",0
131,"THUJ.SPP.ALL",2,"VF_B",0
131,"THUJ.SPP.ALL",3,"Fast_A",13
131,"THUJ.SPP.ALL",4,"Fast_B",0
131,"THUJ.SPP.ALL",5,"MED",16
131,"THUJ.SPP.ALL",6,"Slow_A",329
131,"THUJ.SPP.ALL",7,"Slow_B",263
131,"THUJ.SPP.ALL",8,"Sng_Stem",7
131,"THUJ.SPP.ALL",9,"Sng_Oth",3
131,"THUJ.SPP.ALL",10,"Extra",0
131,"TSUG.CAN",1,"VF_A",0
131,"TSUG.CAN",2,"VF_B",0
131,"TSUG.CAN",3,"Fast_A",12
131,"TSUG.CAN",4,"Fast_B",0
131,"TSUG.CAN",5,"MED",14
131,"TSUG.CAN",6,"Slow_A",300
131,"TSUG.CAN",7,"Slow_B",240
131,"TSUG.CAN",8,"Sng_Stem",6
131,"TSUG.CAN",9,"Sng_Oth",3
131,"TSUG.CAN",10,"Extra",0
132,"ABIE.BAL",1,"VF_A",0
132,"ABIE.BAL",2,"VF_B",0
132,"ABIE.BAL",3,"Fast_A",10
132,"ABIE.BAL",4,"Fast_B",0
132,"ABIE.BAL",5,"MED",12
132,"ABIE.BAL",6,"Slow_A",253
132,"ABIE.BAL",7,"Slow_B",202
132,"ABIE.BAL",8,"Sng_Stem",5
132,"ABIE.BAL",9,"Sng_Oth",3
132,"ABIE.BAL",10,"Extra",0
132,"ACER.RUB",1,"VF_A",0
132,"ACER.RUB",2,"VF_B",0
132,"ACER.RUB",3,"Fast_A",4
132,"ACER.RUB",4,"Fast_B",0
132,"ACER.RUB",5,"MED",5
132,"ACER.RUB",6,"Slow_A",114
132,"ACER.RUB",7,"Slow_B",91
132,"ACER.RUB",8,"Sng_Stem",2
132,"ACER.RUB",9,"Sng_Oth",1
132,"ACER.RUB",10,"Extra",0
132,"ACER.SAH",1,"VF_A",0
132,"ACER.SAH",2,"VF_B",0
132,"ACER.SAH",3,"Fast_A",10
132,"ACER.SAH",4,"Fast_B",0
132,"ACER.SAH",5,"MED",13
132,"ACER.SAH",6,"Slow_A",268
132,"ACER.SAH",7,"Slow_B",215
132,"ACER.SAH",8,"Sng_Stem",6
132,"ACER.SAH",9,"Sng_Oth",3
132,"ACER.SAH",10,"Extra",0
132,"BETU.ALL",1,"VF_A",0
132,"BETU.ALL",2,"VF_B",0
132,"BETU.ALL",3,"Fast_A",31
132,"BETU.ALL",4,"Fast_B",0
132,"BETU.ALL",5,"MED",39
132,"BETU.ALL",6,"Slow_A",803
132,"BETU.ALL",7,"Slow_B",642
132,"BETU.ALL",8,"Sng_Stem",17
132,"BETU.ALL",9,"Sng_Oth",8
132,"BETU.ALL",10,"Extra",0
132,"BETU.PAP",1,"VF_A",0
132,"BETU.PAP",2,"VF_B",0
132,"BETU.PAP",3,"Fast_A",0
132,"BETU.PAP",4,"Fast_B",0
132,"BETU.PAP",5,"MED",0
132,"BETU.PAP",6,"Slow_A",9
132,"BETU.PAP",7,"Slow_B",7
132,"BETU.PAP",8,"Sng_Stem",0
132,"BETU.PAP",9,"Sng_Oth",0
132,"BETU.PAP",10,"Extra",0
132,"FAGU.GRA",1,"VF_A",0
132,"FAGU.GRA",2,"VF_B",0
132,"FAGU.GRA",3,"Fast_A",7
132,"FAGU.GRA",4,"Fast_B",0
132,"FAGU.GRA",5,"MED",8
132,"FAGU.GRA",6,"Slow_A",173
132,"FAGU.GRA",7,"Slow_B",138
132,"FAGU.GRA",8,"Sng_Stem",4
132,"FAGU.GRA",9,"Sng_Oth",2
132,"FAGU.GRA",10,"Extra",0
132,"LARI.LAR",1,"VF_A",0
132,"LARI.LAR",2,"VF_B",0
132,"LARI.LAR",3,"Fast_A",0
132,"LARI.LAR",4,"Fast_B",0
132,"LARI.LAR",5,"MED",0
132,"LARI.LAR",6,"Slow_A",2
132,"LARI.LAR",7,"Slow_B",1
132,"LARI.LAR",8,"Sng_Stem",0
132,"LARI.LAR",9,"Sng_Oth",0
132,"LARI.LAR",10,"Extra",0
132,"PICE.GLA",1,"VF_A",0
132,"PICE.GLA",2,"VF_B",0
132,"PICE.GLA",3,"Fast_A",30
132,"PICE.GLA",4,"Fast_B",0
132,"PICE.GLA",5,"MED",37
132,"PICE.GLA",6,"Slow_A",763
132,"PICE.GLA",7,"Slow_B",610
132,"PICE.GLA",8,"Sng_Stem",16
132,"PICE.GLA",9,"Sng_Oth",8
132,"PICE.GLA",10,"Extra",0
132,"PICE.MAR",1,"VF_A",0
132,"PICE.MAR",2,"VF_B",0
132,"PICE.MAR",3,"Fast_A",16
132,"PICE.MAR",4,"Fast_B",0
132,"PICE.MAR",5,"MED",20
132,"PICE.MAR",6,"Slow_A",422
132,"PICE.MAR",7,"Slow_B",338
132,"PICE.MAR",8,"Sng_Stem",9
132,"PICE.MAR",9,"Sng_Oth",4
132,"PICE.MAR",10,"Extra",0
132,"PICE.RUB",1,"VF_A",0
132,"PICE.RUB",2,"VF_B",0
132,"PICE.RUB",3,"Fast_A",120
132,"PICE.RUB",4,"Fast_B",0
132,"PICE.RUB",5,"MED",148
132,"PICE.RUB",6,"Slow_A",3073
132,"PICE.RUB",7,"Slow_B",2458
132,"PICE.RUB",8,"Sng_Stem",66
132,"PICE.RUB",9,"Sng_Oth",32
132,"PICE.RUB",10,"Extra",0
132,"PINU.BAN",1,"VF_A",0
132,"PINU.BAN",2,"VF_B",0
132,"PINU.BAN",3,"Fast_A",0
132,"PINU.BAN",4,"Fast_B",0
132,"PINU.BAN",5,"MED",0
132,"PINU.BAN",6,"Slow_A",5
132,"PINU.BAN",7,"Slow_B",4
132,"PINU.BAN",8,"Sng_Stem",0
132,"PINU.BAN",9,"Sng_Oth",0
132,"PINU.BAN",10,"Extra",0
132,"PINU.RES",1,"VF_A",0
132,"PINU.RES",2,"VF_B",0
132,"PINU.RES",3,"Fast_A",0
132,"PINU.RES",4,"Fast_B",0
132,"PINU.RES",5,"MED",0
132,"PINU.RES",6,"Slow_A",0
132,"PINU.RES",7,"Slow_B",0
132,"PINU.RES",8,"Sng_Stem",0
132,"PINU.RES",9,"Sng_Oth",0
132,"PINU.RES",10,"Extra",0
132,"PINU.STR",1,"VF_A",0
132,"PINU.STR",2,"VF_B",0
132,"PINU.STR",3,"Fast_A",8
132,"PINU.STR",4,"Fast_B",0
132,"PINU.STR",5,"MED",9
132,"PINU.STR",6,"Slow_A",197
132,"PINU.STR",7,"Slow_B",158
132,"PINU.STR",8,"Sng_Stem",4
132,"PINU.STR",9,"Sng_Oth",2
132,"PINU.STR",10,"Extra",0
132,"POPU.TRE",1,"VF_A",0
132,"POPU.TRE",2,"VF_B",0
132,"POPU.TRE",3,"Fast_A",1
132,"POPU.TRE",4,"Fast_B",0
132,"POPU.TRE",5,"MED",1
132,"POPU.TRE",6,"Slow_A",24
132,"POPU.TRE",7,"Slow_B",19
132,"POPU.TRE",8,"Sng_Stem",1
132,"POPU.TRE",9,"Sng_Oth",0
132,"POPU.TRE",10,"Extra",0
132,"QUER.RUB",1,"VF_A",0
132,"QUER.RUB",2,"VF_B",0
132,"QUER.RUB",3,"Fast_A",5
132,"QUER.RUB",4,"Fast_B",0
132,"QUER.RUB",5,"MED",6
132,"QUER.RUB",6,"Slow_A",132
132,"QUER.RUB",7,"Slow_B",105
132,"QUER.RUB",8,"Sng_Stem",3
132,"QUER.RUB",9,"Sng_Oth",1
132,"QUER.RUB",10,"Extra",0
132,"THUJ.SPP.ALL",1,"VF_A",0
132,"THUJ.SPP.ALL",2,"VF_B",0
132,"THUJ.SPP.ALL",3,"Fast_A",10
132,"THUJ.SPP.ALL",4,"Fast_B",0
132,"THUJ.SPP.ALL",5,"MED",12
132,"THUJ.SPP.ALL",6,"Slow_A",251
132,"THUJ.SPP.ALL",7,"Slow_B",201
132,"THUJ.SPP.ALL",8,"Sng_Stem",5
132,"THUJ.SPP.ALL",9,"Sng_Oth",3
132,"THUJ.SPP.ALL",10,"Extra",0
132,"TSUG.CAN",1,"VF_A",0
132,"TSUG.CAN",2,"VF_B",0
132,"TSUG.CAN",3,"Fast_A",6
132,"TSUG.CAN",4,"Fast_B",0
132,"TSUG.CAN",5,"MED",7
132,"TSUG.CAN",6,"Slow_A",145
132,"TSUG.CAN",7,"Slow_B",116
132,"TSUG.CAN",8,"Sng_Stem",3
132,"TSUG.CAN",9,"Sng_Oth",2
132,"TSUG.CAN",10,"Extra",0
133,"ABIE.BAL",1,"VF_A",0
133,"ABIE.BAL",2,"VF_B",0
133,"ABIE.BAL",3,"Fast_A",14
133,"ABIE.BAL",4,"Fast_B",0
133,"ABIE.BAL",5,"MED",17
133,"ABIE.BAL",6,"Slow_A",364
133,"ABIE.BAL",7,"Slow_B",291
133,"ABIE.BAL",8,"Sng_Stem",8
133,"ABIE.BAL",9,"Sng_Oth",4
133,"ABIE.BAL",10,"Extra",0
133,"ACER.RUB",1,"VF_A",0
133,"ACER.RUB",2,"VF_B",0
133,"ACER.RUB",3,"Fast_A",6
133,"ACER.RUB",4,"Fast_B",0
133,"ACER.RUB",5,"MED",7
133,"ACER.RUB",6,"Slow_A",143
133,"ACER.RUB",7,"Slow_B",115
133,"ACER.RUB",8,"Sng_Stem",3
133,"ACER.RUB",9,"Sng_Oth",1
133,"ACER.RUB",10,"Extra",0
133,"ACER.SAH",1,"VF_A",0
133,"ACER.SAH",2,"VF_B",0
133,"ACER.SAH",3,"Fast_A",14
133,"ACER.SAH",4,"Fast_B",0
133,"ACER.SAH",5,"MED",17
133,"ACER.SAH",6,"Slow_A",349
133,"ACER.SAH",7,"Slow_B",279
133,"ACER.SAH",8,"Sng_Stem",7
133,"ACER.SAH",9,"Sng_Oth",4
133,"ACER.SAH",10,"Extra",0
133,"BETU.ALL",1,"VF_A",0
133,"BETU.ALL",2,"VF_B",0
133,"BETU.ALL",3,"Fast_A",23
133,"BETU.ALL",4,"Fast_B",0
133,"BETU.ALL",5,"MED",28
133,"BETU.ALL",6,"Slow_A",587
133,"BETU.ALL",7,"Slow_B",469
133,"BETU.ALL",8,"Sng_Stem",13
133,"BETU.ALL",9,"Sng_Oth",6
133,"BETU.ALL",10,"Extra",0
133,"BETU.PAP",1,"VF_A",0
133,"BETU.PAP",2,"VF_B",0
133,"BETU.PAP",3,"Fast_A",2
133,"BETU.PAP",4,"Fast_B",0
133,"BETU.PAP",5,"MED",3
133,"BETU.PAP",6,"Slow_A",62
133,"BETU.PAP",7,"Slow_B",49
133,"BETU.PAP",8,"Sng_Stem",1
133,"BETU.PAP",9,"Sng_Oth",1
133,"BETU.PAP",10,"Extra",0
133,"FAGU.GRA",1,"VF_A",0
133,"FAGU.GRA",2,"VF_B",0
133,"FAGU.GRA",3,"Fast_A",9
133,"FAGU.GRA",4,"Fast_B",0
133,"FAGU.GRA",5,"MED",11
133,"FAGU.GRA",6,"Slow_A",224
133,"FAGU.GRA",7,"Slow_B",179
133,"FAGU.GRA",8,"Sng_Stem",5
133,"FAGU.GRA",9,"Sng_Oth",2
133,"FAGU.GRA",10,"Extra",0
133,"LARI.LAR",1,"VF_A",0
133,"LARI.LAR",2,"VF_B",0
133,"LARI.LAR",3,"Fast_A",0
133,"LARI.LAR",4,"Fast_B",0
133,"LARI.LAR",5,"MED",0
133,"LARI.LAR",6,"Slow_A",4
133,"LARI.LAR",7,"Slow_B",3
133,"LARI.LAR",8,"Sng_Stem",0
133,"LARI.LAR",9,"Sng_Oth",0
133,"LARI.LAR",10,"Extra",0
133,"PICE.GLA",1,"VF_A",0
133,"PICE.GLA",2,"VF_B",0
133,"PICE.GLA",3,"Fast_A",52
133,"PICE.GLA",4,"Fast_B",0
133,"PICE.GLA",5,"MED",64
133,"PICE.GLA",6,"Slow_A",1324
133,"PICE.GLA",7,"Slow_B",1059
133,"PICE.GLA",8,"Sng_Stem",28
133,"PICE.GLA",9,"Sng_Oth",14
133,"PICE.GLA",10,"Extra",0
133,"PICE.MAR",1,"VF_A",0
133,"PICE.MAR",2,"VF_B",0
133,"PICE.MAR",3,"Fast_A",20
133,"PICE.MAR",4,"Fast_B",0
133,"PICE.MAR",5,"MED",25
133,"PICE.MAR",6,"Slow_A",516
133,"PICE.MAR",7,"Slow_B",412
133,"PICE.MAR",8,"Sng_Stem",11
133,"PICE.MAR",9,"Sng_Oth",5
133,"PICE.MAR",10,"Extra",0
133,"PICE.RUB",1,"VF_A",0
133,"PICE.RUB",2,"VF_B",0
133,"PICE.RUB",3,"Fast_A",56
133,"PICE.RUB",4,"Fast_B",0
133,"PICE.RUB",5,"MED",69
133,"PICE.RUB",6,"Slow_A",1436
133,"PICE.RUB",7,"Slow_B",1148
133,"PICE.RUB",8,"Sng_Stem",31
133,"PICE.RUB",9,"Sng_Oth",15
133,"PICE.RUB",10,"Extra",0
133,"PINU.BAN",1,"VF_A",0
133,"PINU.BAN",2,"VF_B",0
133,"PINU.BAN",3,"Fast_A",0
133,"PINU.BAN",4,"Fast_B",0
133,"PINU.BAN",5,"MED",0
133,"PINU.BAN",6,"Slow_A",6
133,"PINU.BAN",7,"Slow_B",5
133,"PINU.BAN",8,"Sng_Stem",0
133,"PINU.BAN",9,"Sng_Oth",0
133,"PINU.BAN",10,"Extra",0
133,"PINU.RES",1,"VF_A",0
133,"PINU.RES",2,"VF_B",0
133,"PINU.RES",3,"Fast_A",0
133,"PINU.RES",4,"Fast_B",0
133,"PINU.RES",5,"MED",0
133,"PINU.RES",6,"Slow_A",0
133,"PINU.RES",7,"Slow_B",0
133,"PINU.RES",8,"Sng_Stem",0
133,"PINU.RES",9,"Sng_Oth",0
133,"PINU.RES",10,"Extra",0
133,"PINU.STR",1,"VF_A",0
133,"PINU.STR",2,"VF_B",0
133,"PINU.STR",3,"Fast_A",0
133,"PINU.STR",4,"Fast_B",0
133,"PINU.STR",5,"MED",0
133,"PINU.STR",6,"Slow_A",8
133,"PINU.STR",7,"Slow_B",7
133,"PINU.STR",8,"Sng_Stem",0
133,"PINU.STR",9,"Sng_Oth",0
133,"PINU.STR",10,"Extra",0
133,"POPU.TRE",1,"VF_A",0
133,"POPU.TRE",2,"VF_B",0
133,"POPU.TRE",3,"Fast_A",1
133,"POPU.TRE",4,"Fast_B",0
133,"POPU.TRE",5,"MED",2
133,"POPU.TRE",6,"Slow_A",37
133,"POPU.TRE",7,"Slow_B",29
133,"POPU.TRE",8,"Sng_Stem",1
133,"POPU.TRE",9,"Sng_Oth",0
133,"POPU.TRE",10,"Extra",0
133,"QUER.RUB",1,"VF_A",0
133,"QUER.RUB",2,"VF_B",0
133,"QUER.RUB",3,"Fast_A",10
133,"QUER.RUB",4,"Fast_B",0
133,"QUER.RUB",5,"MED",12
133,"QUER.RUB",6,"Slow_A",253
133,"QUER.RUB",7,"Slow_B",202
133,"QUER.RUB",8,"Sng_Stem",5
133,"QUER.RUB",9,"Sng_Oth",3
133,"QUER.RUB",10,"Extra",0
133,"THUJ.SPP.ALL",1,"VF_A",0
133,"THUJ.SPP.ALL",2,"VF_B",0
133,"THUJ.SPP.ALL",3,"Fast_A",14
133,"THUJ.SPP.ALL",4,"Fast_B",0
133,"THUJ.SPP.ALL",5,"MED",17
133,"THUJ.SPP.ALL",6,"Slow_A",362
133,"THUJ.SPP.ALL",7,"Slow_B",289
133,"THUJ.SPP.ALL",8,"Sng_Stem",8
133,"THUJ.SPP.ALL",9,"Sng_Oth",4
133,"THUJ.SPP.ALL",10,"Extra",0
133,"TSUG.CAN",1,"VF_A",0
133,"TSUG.CAN",2,"VF_B",0
133,"TSUG.CAN",3,"Fast_A",37
133,"TSUG.CAN",4,"Fast_B",0
133,"TSUG.CAN",5,"MED",46
133,"TSUG.CAN",6,"Slow_A",960
133,"TSUG.CAN",7,"Slow_B",768
133,"TSUG.CAN",8,"Sng_Stem",21
133,"TSUG.CAN",9,"Sng_Oth",10
133,"TSUG.CAN",10,"Extra",0
134,"ABIE.BAL",1,"VF_A",0
134,"ABIE.BAL",2,"VF_B",0
134,"ABIE.BAL",3,"Fast_A",12
134,"ABIE.BAL",4,"Fast_B",0
134,"ABIE.BAL",5,"MED",14
134,"ABIE.BAL",6,"Slow_A",301
134,"ABIE.BAL",7,"Slow_B",241
134,"ABIE.BAL",8,"Sng_Stem",6
134,"ABIE.BAL",9,"Sng_Oth",3
134,"ABIE.BAL",10,"Extra",0
134,"ACER.RUB",1,"VF_A",0
134,"ACER.RUB",2,"VF_B",0
134,"ACER.RUB",3,"Fast_A",4
134,"ACER.RUB",4,"Fast_B",0
134,"ACER.RUB",5,"MED",5
134,"ACER.RUB",6,"Slow_A",105
134,"ACER.RUB",7,"Slow_B",84
134,"ACER.RUB",8,"Sng_Stem",2
134,"ACER.RUB",9,"Sng_Oth",1
134,"ACER.RUB",10,"Extra",0
134,"ACER.SAH",1,"VF_A",0
134,"ACER.SAH",2,"VF_B",0
134,"ACER.SAH",3,"Fast_A",8
134,"ACER.SAH",4,"Fast_B",0
134,"ACER.SAH",5,"MED",10
134,"ACER.SAH",6,"Slow_A",214
134,"ACER.SAH",7,"Slow_B",171
134,"ACER.SAH",8,"Sng_Stem",5
134,"ACER.SAH",9,"Sng_Oth",2
134,"ACER.SAH",10,"Extra",0
134,"BETU.ALL",1,"VF_A",0
134,"BETU.ALL",2,"VF_B",0
134,"BETU.ALL",3,"Fast_A",16
134,"BETU.ALL",4,"Fast_B",0
134,"BETU.ALL",5,"MED",19
134,"BETU.ALL",6,"Slow_A",400
134,"BETU.ALL",7,"Slow_B",320
134,"BETU.ALL",8,"Sng_Stem",9
134,"BETU.ALL",9,"Sng_Oth",4
134,"BETU.ALL",10,"Extra",0
134,"BETU.PAP",1,"VF_A",0
134,"BETU.PAP",2,"VF_B",0
134,"BETU.PAP",3,"Fast_A",1
134,"BETU.PAP",4,"Fast_B",0
134,"BETU.PAP",5,"MED",2
134,"BETU.PAP",6,"Slow_A",36
134,"BETU.PAP",7,"Slow_B",29
134,"BETU.PAP",8,"Sng_Stem",1
134,"BETU.PAP",9,"Sng_Oth",0
134,"BETU.PAP",10,"Extra",0
134,"FAGU.GRA",1,"VF_A",0
134,"FAGU.GRA",2,"VF_B",0
134,"FAGU.GRA",3,"Fast_A",4
134,"FAGU.GRA",4,"Fast_B",0
134,"FAGU.GRA",5,"MED",5
134,"FAGU.GRA",6,"Slow_A",104
134,"FAGU.GRA",7,"Slow_B",83
134,"FAGU.GRA",8,"Sng_Stem",2
134,"FAGU.GRA",9,"Sng_Oth",1
134,"FAGU.GRA",10,"Extra",0
134,"LARI.LAR",1,"VF_A",0
134,"LARI.LAR",2,"VF_B",0
134,"LARI.LAR",3,"Fast_A",0
134,"LARI.LAR",4,"Fast_B",0
134,"LARI.LAR",5,"MED",0
134,"LARI.LAR",6,"Slow_A",3
134,"LARI.LAR",7,"Slow_B",2
134,"LARI.LAR",8,"Sng_Stem",0
134,"LARI.LAR",9,"Sng_Oth",0
134,"LARI.LAR",10,"Extra",0
134,"PICE.GLA",1,"VF_A",0
134,"PICE.GLA",2,"VF_B",0
134,"PICE.GLA",3,"Fast_A",33
134,"PICE.GLA",4,"Fast_B",0
134,"PICE.GLA",5,"MED",41
134,"PICE.GLA",6,"Slow_A",851
134,"PICE.GLA",7,"Slow_B",681
134,"PICE.GLA",8,"Sng_Stem",18
134,"PICE.GLA",9,"Sng_Oth",9
134,"PICE.GLA",10,"Extra",0
134,"PICE.MAR",1,"VF_A",0
134,"PICE.MAR",2,"VF_B",0
134,"PICE.MAR",3,"Fast_A",18
134,"PICE.MAR",4,"Fast_B",0
134,"PICE.MAR",5,"MED",22
134,"PICE.MAR",6,"Slow_A",455
134,"PICE.MAR",7,"Slow_B",364
134,"PICE.MAR",8,"Sng_Stem",10
134,"PICE.MAR",9,"Sng_Oth",5
134,"PICE.MAR",10,"Extra",0
134,"PICE.RUB",1,"VF_A",0
134,"PICE.RUB",2,"VF_B",0
134,"PICE.RUB",3,"Fast_A",91
134,"PICE.RUB",4,"Fast_B",0
134,"PICE.RUB",5,"MED",113
134,"PICE.RUB",6,"Slow_A",2343
134,"PICE.RUB",7,"Slow_B",1874
134,"PICE.RUB",8,"Sng_Stem",50
134,"PICE.RUB",9,"Sng_Oth",24
134,"PICE.RUB",10,"Extra",0
134,"PINU.BAN",1,"VF_A",0
134,"PINU.BAN",2,"VF_B",0
134,"PINU.BAN",3,"Fast_A",0
134,"PINU.BAN",4,"Fast_B",0
134,"PINU.BAN",5,"MED",1
134,"PINU.BAN",6,"Slow_A",12
134,"PINU.BAN",7,"Slow_B",10
134,"PINU.BAN",8,"Sng_Stem",0
134,"PINU.BAN",9,"Sng_Oth",0
134,"PINU.BAN",10,"Extra",0
134,"PINU.RES",1,"VF_A",0
134,"PINU.RES",2,"VF_B",0
134,"PINU.RES",3,"Fast_A",28
134,"PINU.RES",4,"Fast_B",0
134,"PINU.RES",5,"MED",34
134,"PINU.RES",6,"Slow_A",716
134,"PINU.RES",7,"Slow_B",572
134,"PINU.RES",8,"Sng_Stem",15
134,"PINU.RES",9,"Sng_Oth",7
134,"PINU.RES",10,"Extra",0
134,"PINU.STR",1,"VF_A",0
134,"PINU.STR",2,"VF_B",0
134,"PINU.STR",3,"Fast_A",0
134,"PINU.STR",4,"Fast_B",0
134,"PINU.STR",5,"MED",1
134,"PINU.STR",6,"Slow_A",11
134,"PINU.STR",7,"Slow_B",9
134,"PINU.STR",8,"Sng_Stem",0
134,"PINU.STR",9,"Sng_Oth",0
134,"PINU.STR",10,"Extra",0
134,"POPU.TRE",1,"VF_A",0
134,"POPU.TRE",2,"VF_B",0
134,"POPU.TRE",3,"Fast_A",1
134,"POPU.TRE",4,"Fast_B",0
134,"POPU.TRE",5,"MED",1
134,"POPU.TRE",6,"Slow_A",21
134,"POPU.TRE",7,"Slow_B",17
134,"POPU.TRE",8,"Sng_Stem",0
134,"POPU.TRE",9,"Sng_Oth",0
134,"POPU.TRE",10,"Extra",0
134,"QUER.RUB",1,"VF_A",0
134,"QUER.RUB",2,"VF_B",0
134,"QUER.RUB",3,"Fast_A",6
134,"QUER.RUB",4,"Fast_B",0
134,"QUER.RUB",5,"MED",7
134,"QUER.RUB",6,"Slow_A",156
134,"QUER.RUB",7,"Slow_B",124
134,"QUER.RUB",8,"Sng_Stem",3
134,"QUER.RUB",9,"Sng_Oth",2
134,"QUER.RUB",10,"Extra",0
134,"THUJ.SPP.ALL",1,"VF_A",0
134,"THUJ.SPP.ALL",2,"VF_B",0
134,"THUJ.SPP.ALL",3,"Fast_A",12
134,"THUJ.SPP.ALL",4,"Fast_B",0
134,"THUJ.SPP.ALL",5,"MED",14
134,"THUJ.SPP.ALL",6,"Slow_A",296
134,"THUJ.SPP.ALL",7,"Slow_B",236
134,"THUJ.SPP.ALL",8,"Sng_Stem",6
134,"THUJ.SPP.ALL",9,"Sng_Oth",3
134,"THUJ.SPP.ALL",10,"Extra",0
134,"TSUG.CAN",1,"VF_A",0
134,"TSUG.CAN",2,"VF_B",0
134,"TSUG.CAN",3,"Fast_A",24
134,"TSUG.CAN",4,"Fast_B",0
134,"TSUG.CAN",5,"MED",29
134,"TSUG.CAN",6,"Slow_A",612
134,"TSUG.CAN",7,"Slow_B",489
134,"TSUG.CAN",8,"Sng_Stem",13
134,"TSUG.CAN",9,"Sng_Oth",6
134,"TSUG.CAN",10,"Extra",0
135,"ABIE.BAL",1,"VF_A",0
135,"ABIE.BAL",2,"VF_B",0
135,"ABIE.BAL",3,"Fast_A",14
135,"ABIE.BAL",4,"Fast_B",0
135,"ABIE.BAL",5,"MED",18
135,"ABIE.BAL",6,"Slow_A",369
135,"ABIE.BAL",7,"Slow_B",295
135,"ABIE.BAL",8,"Sng_Stem",8
135,"ABIE.BAL",9,"Sng_Oth",4
135,"ABIE.BAL",10,"Extra",0
135,"ACER.RUB",1,"VF_A",0
135,"ACER.RUB",2,"VF_B",0
135,"ACER.RUB",3,"Fast_A",5
135,"ACER.RUB",4,"Fast_B",0
135,"ACER.RUB",5,"MED",7
135,"ACER.RUB",6,"Slow_A",136
135,"ACER.RUB",7,"Slow_B",109
135,"ACER.RUB",8,"Sng_Stem",3
135,"ACER.RUB",9,"Sng_Oth",1
135,"ACER.RUB",10,"Extra",0
135,"ACER.SAH",1,"VF_A",0
135,"ACER.SAH",2,"VF_B",0
135,"ACER.SAH",3,"Fast_A",10
135,"ACER.SAH",4,"Fast_B",0
135,"ACER.SAH",5,"MED",12
135,"ACER.SAH",6,"Slow_A",256
135,"ACER.SAH",7,"Slow_B",205
135,"ACER.SAH",8,"Sng_Stem",5
135,"ACER.SAH",9,"Sng_Oth",3
135,"ACER.SAH",10,"Extra",0
135,"BETU.ALL",1,"VF_A",0
135,"BETU.ALL",2,"VF_B",0
135,"BETU.ALL",3,"Fast_A",24
135,"BETU.ALL",4,"Fast_B",0
135,"BETU.ALL",5,"MED",29
135,"BETU.ALL",6,"Slow_A",612
135,"BETU.ALL",7,"Slow_B",490
135,"BETU.ALL",8,"Sng_Stem",13
135,"BETU.ALL",9,"Sng_Oth",6
135,"BETU.ALL",10,"Extra",0
135,"BETU.PAP",1,"VF_A",0
135,"BETU.PAP",2,"VF_B",0
135,"BETU.PAP",3,"Fast_A",2
135,"BETU.PAP",4,"Fast_B",0
135,"BETU.PAP",5,"MED",3
135,"BETU.PAP",6,"Slow_A",53
135,"BETU.PAP",7,"Slow_B",43
135,"BETU.PAP",8,"Sng_Stem",1
135,"BETU.PAP",9,"Sng_Oth",1
135,"BETU.PAP",10,"Extra",0
135,"FAGU.GRA",1,"VF_A",0
135,"FAGU.GRA",2,"VF_B",0
135,"FAGU.GRA",3,"Fast_A",3
135,"FAGU.GRA",4,"Fast_B",0
135,"FAGU.GRA",5,"MED",4
135,"FAGU.GRA",6,"Slow_A",77
135,"FAGU.GRA",7,"Slow_B",61
135,"FAGU.GRA",8,"Sng_Stem",2
135,"FAGU.GRA",9,"Sng_Oth",1
135,"FAGU.GRA",10,"Extra",0
135,"LARI.LAR",1,"VF_A",0
135,"LARI.LAR",2,"VF_B",0
135,"LARI.LAR",3,"Fast_A",0
135,"LARI.LAR",4,"Fast_B",0
135,"LARI.LAR",5,"MED",0
135,"LARI.LAR",6,"Slow_A",3
135,"LARI.LAR",7,"Slow_B",3
135,"LARI.LAR",8,"Sng_Stem",0
135,"LARI.LAR",9,"Sng_Oth",0
135,"LARI.LAR",10,"Extra",0
135,"PICE.GLA",1,"VF_A",0
135,"PICE.GLA",2,"VF_B",0
135,"PICE.GLA",3,"Fast_A",49
135,"PICE.GLA",4,"Fast_B",0
135,"PICE.GLA",5,"MED",60
135,"PICE.GLA",6,"Slow_A",1245
135,"PICE.GLA",7,"Slow_B",996
135,"PICE.GLA",8,"Sng_Stem",27
135,"PICE.GLA",9,"Sng_Oth",13
135,"PICE.GLA",10,"Extra",0
135,"PICE.MAR",1,"VF_A",0
135,"PICE.MAR",2,"VF_B",0
135,"PICE.MAR",3,"Fast_A",19
135,"PICE.MAR",4,"Fast_B",0
135,"PICE.MAR",5,"MED",23
135,"PICE.MAR",6,"Slow_A",483
135,"PICE.MAR",7,"Slow_B",387
135,"PICE.MAR",8,"Sng_Stem",10
135,"PICE.MAR",9,"Sng_Oth",5
135,"PICE.MAR",10,"Extra",0
135,"PICE.RUB",1,"VF_A",0
135,"PICE.RUB",2,"VF_B",0
135,"PICE.RUB",3,"Fast_A",77
135,"PICE.RUB",4,"Fast_B",0
135,"PICE.RUB",5,"MED",96
135,"PICE.RUB",6,"Slow_A",1986
135,"PICE.RUB",7,"Slow_B",1588
135,"PICE.RUB",8,"Sng_Stem",43
135,"PICE.RUB",9,"Sng_Oth",21
135,"PICE.RUB",10,"Extra",0
135,"PINU.BAN",1,"VF_A",0
135,"PINU.BAN",2,"VF_B",0
135,"PINU.BAN",3,"Fast_A",0
135,"PINU.BAN",4,"Fast_B",0
135,"PINU.BAN",5,"MED",0
135,"PINU.BAN",6,"Slow_A",7
135,"PINU.BAN",7,"Slow_B",6
135,"PINU.BAN",8,"Sng_Stem",0
135,"PINU.BAN",9,"Sng_Oth",0
135,"PINU.BAN",10,"Extra",0
135,"PINU.RES",1,"VF_A",0
135,"PINU.RES",2,"VF_B",0
135,"PINU.RES",3,"Fast_A",0
135,"PINU.RES",4,"Fast_B",0
135,"PINU.RES",5,"MED",0
135,"PINU.RES",6,"Slow_A",0
135,"PINU.RES",7,"Slow_B",0
135,"PINU.RES",8,"Sng_Stem",0
135,"PINU.RES",9,"Sng_Oth",0
135,"PINU.RES",10,"Extra",0
135,"PINU.STR",1,"VF_A",0
135,"PINU.STR",2,"VF_B",0
135,"PINU.STR",3,"Fast_A",0
135,"PINU.STR",4,"Fast_B",0
135,"PINU.STR",5,"MED",0
135,"PINU.STR",6,"Slow_A",6
135,"PINU.STR",7,"Slow_B",5
135,"PINU.STR",8,"Sng_Stem",0
135,"PINU.STR",9,"Sng_Oth",0
135,"PINU.STR",10,"Extra",0
135,"POPU.TRE",1,"VF_A",0
135,"POPU.TRE",2,"VF_B",0
135,"POPU.TRE",3,"Fast_A",1
135,"POPU.TRE",4,"Fast_B",0
135,"POPU.TRE",5,"MED",1
135,"POPU.TRE",6,"Slow_A",28
135,"POPU.TRE",7,"Slow_B",22
135,"POPU.TRE",8,"Sng_Stem",1
135,"POPU.TRE",9,"Sng_Oth",0
135,"POPU.TRE",10,"Extra",0
135,"QUER.RUB",1,"VF_A",0
135,"QUER.RUB",2,"VF_B",0
135,"QUER.RUB",3,"Fast_A",13
135,"QUER.RUB",4,"Fast_B",0
135,"QUER.RUB",5,"MED",16
135,"QUER.RUB",6,"Slow_A",329
135,"QUER.RUB",7,"Slow_B",263
135,"QUER.RUB",8,"Sng_Stem",7
135,"QUER.RUB",9,"Sng_Oth",3
135,"QUER.RUB",10,"Extra",0
135,"THUJ.SPP.ALL",1,"VF_A",0
135,"THUJ.SPP.ALL",2,"VF_B",0
135,"THUJ.SPP.ALL",3,"Fast_A",12
135,"THUJ.SPP.ALL",4,"Fast_B",0
135,"THUJ.SPP.ALL",5,"MED",14
135,"THUJ.SPP.ALL",6,"Slow_A",299
135,"THUJ.SPP.ALL",7,"Slow_B",239
135,"THUJ.SPP.ALL",8,"Sng_Stem",6
135,"THUJ.SPP.ALL",9,"Sng_Oth",3
135,"THUJ.SPP.ALL",10,"Extra",0
135,"TSUG.CAN",1,"VF_A",0
135,"TSUG.CAN",2,"VF_B",0
135,"TSUG.CAN",3,"Fast_A",29
135,"TSUG.CAN",4,"Fast_B",0
135,"TSUG.CAN",5,"MED",36
135,"TSUG.CAN",6,"Slow_A",744
135,"TSUG.CAN",7,"Slow_B",595
135,"TSUG.CAN",8,"Sng_Stem",16
135,"TSUG.CAN",9,"Sng_Oth",8
135,"TSUG.CAN",10,"Extra",0
136,"ABIE.BAL",1,"VF_A",0
136,"ABIE.BAL",2,"VF_B",0
136,"ABIE.BAL",3,"Fast_A",18
136,"ABIE.BAL",4,"Fast_B",0
136,"ABIE.BAL",5,"MED",22
136,"ABIE.BAL",6,"Slow_A",451
136,"ABIE.BAL",7,"Slow_B",360
136,"ABIE.BAL",8,"Sng_Stem",10
136,"ABIE.BAL",9,"Sng_Oth",5
136,"ABIE.BAL",10,"Extra",0
136,"ACER.RUB",1,"VF_A",0
136,"ACER.RUB",2,"VF_B",0
136,"ACER.RUB",3,"Fast_A",10
136,"ACER.RUB",4,"Fast_B",0
136,"ACER.RUB",5,"MED",12
136,"ACER.RUB",6,"Slow_A",247
136,"ACER.RUB",7,"Slow_B",198
136,"ACER.RUB",8,"Sng_Stem",5
136,"ACER.RUB",9,"Sng_Oth",3
136,"ACER.RUB",10,"Extra",0
136,"ACER.SAH",1,"VF_A",0
136,"ACER.SAH",2,"VF_B",0
136,"ACER.SAH",3,"Fast_A",12
136,"ACER.SAH",4,"Fast_B",0
136,"ACER.SAH",5,"MED",15
136,"ACER.SAH",6,"Slow_A",311
136,"ACER.SAH",7,"Slow_B",249
136,"ACER.SAH",8,"Sng_Stem",7
136,"ACER.SAH",9,"Sng_Oth",3
136,"ACER.SAH",10,"Extra",0
136,"BETU.ALL",1,"VF_A",0
136,"BETU.ALL",2,"VF_B",0
136,"BETU.ALL",3,"Fast_A",36
136,"BETU.ALL",4,"Fast_B",0
136,"BETU.ALL",5,"MED",44
136,"BETU.ALL",6,"Slow_A",910
136,"BETU.ALL",7,"Slow_B",728
136,"BETU.ALL",8,"Sng_Stem",19
136,"BETU.ALL",9,"Sng_Oth",9
136,"BETU.ALL",10,"Extra",0
136,"BETU.PAP",1,"VF_A",0
136,"BETU.PAP",2,"VF_B",0
136,"BETU.PAP",3,"Fast_A",2
136,"BETU.PAP",4,"Fast_B",0
136,"BETU.PAP",5,"MED",3
136,"BETU.PAP",6,"Slow_A",54
136,"BETU.PAP",7,"Slow_B",43
136,"BETU.PAP",8,"Sng_Stem",1
136,"BETU.PAP",9,"Sng_Oth",1
136,"BETU.PAP",10,"Extra",0
136,"FAGU.GRA",1,"VF_A",0
136,"FAGU.GRA",2,"VF_B",0
136,"FAGU.GRA",3,"Fast_A",12
136,"FAGU.GRA",4,"Fast_B",0
136,"FAGU.GRA",5,"MED",14
136,"FAGU.GRA",6,"Slow_A",298
136,"FAGU.GRA",7,"Slow_B",239
136,"FAGU.GRA",8,"Sng_Stem",6
136,"FAGU.GRA",9,"Sng_Oth",3
136,"FAGU.GRA",10,"Extra",0
136,"LARI.LAR",1,"VF_A",0
136,"LARI.LAR",2,"VF_B",0
136,"LARI.LAR",3,"Fast_A",0
136,"LARI.LAR",4,"Fast_B",0
136,"LARI.LAR",5,"MED",1
136,"LARI.LAR",6,"Slow_A",11
136,"LARI.LAR",7,"Slow_B",9
136,"LARI.LAR",8,"Sng_Stem",0
136,"LARI.LAR",9,"Sng_Oth",0
136,"LARI.LAR",10,"Extra",0
136,"PICE.GLA",1,"VF_A",0
136,"PICE.GLA",2,"VF_B",0
136,"PICE.GLA",3,"Fast_A",30
136,"PICE.GLA",4,"Fast_B",0
136,"PICE.GLA",5,"MED",37
136,"PICE.GLA",6,"Slow_A",765
136,"PICE.GLA",7,"Slow_B",612
136,"PICE.GLA",8,"Sng_Stem",16
136,"PICE.GLA",9,"Sng_Oth",8
136,"PICE.GLA",10,"Extra",0
136,"PICE.MAR",1,"VF_A",0
136,"PICE.MAR",2,"VF_B",0
136,"PICE.MAR",3,"Fast_A",24
136,"PICE.MAR",4,"Fast_B",0
136,"PICE.MAR",5,"MED",29
136,"PICE.MAR",6,"Slow_A",611
136,"PICE.MAR",7,"Slow_B",489
136,"PICE.MAR",8,"Sng_Stem",13
136,"PICE.MAR",9,"Sng_Oth",6
136,"PICE.MAR",10,"Extra",0
136,"PICE.RUB",1,"VF_A",0
136,"PICE.RUB",2,"VF_B",0
136,"PICE.RUB",3,"Fast_A",74
136,"PICE.RUB",4,"Fast_B",0
136,"PICE.RUB",5,"MED",92
136,"PICE.RUB",6,"Slow_A",1909
136,"PICE.RUB",7,"Slow_B",1526
136,"PICE.RUB",8,"Sng_Stem",41
136,"PICE.RUB",9,"Sng_Oth",20
136,"PICE.RUB",10,"Extra",0
136,"PINU.BAN",1,"VF_A",0
136,"PINU.BAN",2,"VF_B",0
136,"PINU.BAN",3,"Fast_A",3
136,"PINU.BAN",4,"Fast_B",0
136,"PINU.BAN",5,"MED",4
136,"PINU.BAN",6,"Slow_A",77
136,"PINU.BAN",7,"Slow_B",61
136,"PINU.BAN",8,"Sng_Stem",2
136,"PINU.BAN",9,"Sng_Oth",1
136,"PINU.BAN",10,"Extra",0
136,"PINU.RES",1,"VF_A",0
136,"PINU.RES",2,"VF_B",0
136,"PINU.RES",3,"Fast_A",0
136,"PINU.RES",4,"Fast_B",0
136,"PINU.RES",5,"MED",0
136,"PINU.RES",6,"Slow_A",0
136,"PINU.RES",7,"Slow_B",0
136,"PINU.RES",8,"Sng_Stem",0
136,"PINU.RES",9,"Sng_Oth",0
136,"PINU.RES",10,"Extra",0
136,"PINU.STR",1,"VF_A",0
136,"PINU.STR",2,"VF_B",0
136,"PINU.STR",3,"Fast_A",0
136,"PINU.STR",4,"Fast_B",0
136,"PINU.STR",5,"MED",1
136,"PINU.STR",6,"Slow_A",12
136,"PINU.STR",7,"Slow_B",9
136,"PINU.STR",8,"Sng_Stem",0
136,"PINU.STR",9,"Sng_Oth",0
136,"PINU.STR",10,"Extra",0
136,"POPU.TRE",1,"VF_A",0
136,"POPU.TRE",2,"VF_B",0
136,"POPU.TRE",3,"Fast_A",1
136,"POPU.TRE",4,"Fast_B",0
136,"POPU.TRE",5,"MED",1
136,"POPU.TRE",6,"Slow_A",28
136,"POPU.TRE",7,"Slow_B",22
136,"POPU.TRE",8,"Sng_Stem",1
136,"POPU.TRE",9,"Sng_Oth",0
136,"POPU.TRE",10,"Extra",0
136,"QUER.RUB",1,"VF_A",0
136,"QUER.RUB",2,"VF_B",0
136,"QUER.RUB",3,"Fast_A",5
136,"QUER.RUB",4,"Fast_B",0
136,"QUER.RUB",5,"MED",6
136,"QUER.RUB",6,"Slow_A",128
136,"QUER.RUB",7,"Slow_B",102
136,"QUER.RUB",8,"Sng_Stem",3
136,"QUER.RUB",9,"Sng_Oth",1
136,"QUER.RUB",10,"Extra",0
136,"THUJ.SPP.ALL",1,"VF_A",0
136,"THUJ.SPP.ALL",2,"VF_B",0
136,"THUJ.SPP.ALL",3,"Fast_A",13
136,"THUJ.SPP.ALL",4,"Fast_B",0
136,"THUJ.SPP.ALL",5,"MED",16
136,"THUJ.SPP.ALL",6,"Slow_A",330
136,"THUJ.SPP.ALL",7,"Slow_B",264
136,"THUJ.SPP.ALL",8,"Sng_Stem",7
136,"THUJ.SPP.ALL",9,"Sng_Oth",3
136,"THUJ.SPP.ALL",10,"Extra",0
136,"TSUG.CAN",1,"VF_A",0
136,"TSUG.CAN",2,"VF_B",0
136,"TSUG.CAN",3,"Fast_A",19
136,"TSUG.CAN",4,"Fast_B",0
136,"TSUG.CAN",5,"MED",24
136,"TSUG.CAN",6,"Slow_A",493
136,"TSUG.CAN",7,"Slow_B",394
136,"TSUG.CAN",8,"Sng_Stem",11
136,"TSUG.CAN",9,"Sng_Oth",5
136,"TSUG.CAN",10,"Extra",0
137,"ABIE.BAL",1,"VF_A",0
137,"ABIE.BAL",2,"VF_B",0
137,"ABIE.BAL",3,"Fast_A",20
137,"ABIE.BAL",4,"Fast_B",0
137,"ABIE.BAL",5,"MED",25
137,"ABIE.BAL",6,"Slow_A",511
137,"ABIE.BAL",7,"Slow_B",409
137,"ABIE.BAL",8,"Sng_Stem",11
137,"ABIE.BAL",9,"Sng_Oth",5
137,"ABIE.BAL",10,"Extra",0
137,"ACER.RUB",1,"VF_A",0
137,"ACER.RUB",2,"VF_B",0
137,"ACER.RUB",3,"Fast_A",13
137,"ACER.RUB",4,"Fast_B",0
137,"ACER.RUB",5,"MED",16
137,"ACER.RUB",6,"Slow_A",325
137,"ACER.RUB",7,"Slow_B",260
137,"ACER.RUB",8,"Sng_Stem",7
137,"ACER.RUB",9,"Sng_Oth",3
137,"ACER.RUB",10,"Extra",0
137,"ACER.SAH",1,"VF_A",0
137,"ACER.SAH",2,"VF_B",0
137,"ACER.SAH",3,"Fast_A",19
137,"ACER.SAH",4,"Fast_B",0
137,"ACER.SAH",5,"MED",24
137,"ACER.SAH",6,"Slow_A",493
137,"ACER.SAH",7,"Slow_B",395
137,"ACER.SAH",8,"Sng_Stem",11
137,"ACER.SAH",9,"Sng_Oth",5
137,"ACER.SAH",10,"Extra",0
137,"BETU.ALL",1,"VF_A",0
137,"BETU.ALL",2,"VF_B",0
137,"BETU.ALL",3,"Fast_A",47
137,"BETU.ALL",4,"Fast_B",0
137,"BETU.ALL",5,"MED",58
137,"BETU.ALL",6,"Slow_A",1210
137,"BETU.ALL",7,"Slow_B",968
137,"BETU.ALL",8,"Sng_Stem",26
137,"BETU.ALL",9,"Sng_Oth",13
137,"BETU.ALL",10,"Extra",0
137,"BETU.PAP",1,"VF_A",0
137,"BETU.PAP",2,"VF_B",0
137,"BETU.PAP",3,"Fast_A",3
137,"BETU.PAP",4,"Fast_B",0
137,"BETU.PAP",5,"MED",3
137,"BETU.PAP",6,"Slow_A",69
137,"BETU.PAP",7,"Slow_B",55
137,"BETU.PAP",8,"Sng_Stem",1
137,"BETU.PAP",9,"Sng_Oth",1
137,"BETU.PAP",10,"Extra",0
137,"FAGU.GRA",1,"VF_A",0
137,"FAGU.GRA",2,"VF_B",0
137,"FAGU.GRA",3,"Fast_A",6
137,"FAGU.GRA",4,"Fast_B",0
137,"FAGU.GRA",5,"MED",7
137,"FAGU.GRA",6,"Slow_A",154
137,"FAGU.GRA",7,"Slow_B",123
137,"FAGU.GRA",8,"Sng_Stem",3
137,"FAGU.GRA",9,"Sng_Oth",2
137,"FAGU.GRA",10,"Extra",0
137,"LARI.LAR",1,"VF_A",0
137,"LARI.LAR",2,"VF_B",0
137,"LARI.LAR",3,"Fast_A",0
137,"LARI.LAR",4,"Fast_B",0
137,"LARI.LAR",5,"MED",0
137,"LARI.LAR",6,"Slow_A",4
137,"LARI.LAR",7,"Slow_B",4
137,"LARI.LAR",8,"Sng_Stem",0
137,"LARI.LAR",9,"Sng_Oth",0
137,"LARI.LAR",10,"Extra",0
137,"PICE.GLA",1,"VF_A",0
137,"PICE.GLA",2,"VF_B",0
137,"PICE.GLA",3,"Fast_A",42
137,"PICE.GLA",4,"Fast_B",0
137,"PICE.GLA",5,"MED",52
137,"PICE.GLA",6,"Slow_A",1080
137,"PICE.GLA",7,"Slow_B",864
137,"PICE.GLA",8,"Sng_Stem",23
137,"PICE.GLA",9,"Sng_Oth",11
137,"PICE.GLA",10,"Extra",0
137,"PICE.MAR",1,"VF_A",0
137,"PICE.MAR",2,"VF_B",0
137,"PICE.MAR",3,"Fast_A",27
137,"PICE.MAR",4,"Fast_B",0
137,"PICE.MAR",5,"MED",33
137,"PICE.MAR",6,"Slow_A",688
137,"PICE.MAR",7,"Slow_B",551
137,"PICE.MAR",8,"Sng_Stem",15
137,"PICE.MAR",9,"Sng_Oth",7
137,"PICE.MAR",10,"Extra",0
137,"PICE.RUB",1,"VF_A",0
137,"PICE.RUB",2,"VF_B",0
137,"PICE.RUB",3,"Fast_A",44
137,"PICE.RUB",4,"Fast_B",0
137,"PICE.RUB",5,"MED",54
137,"PICE.RUB",6,"Slow_A",1119
137,"PICE.RUB",7,"Slow_B",895
137,"PICE.RUB",8,"Sng_Stem",24
137,"PICE.RUB",9,"Sng_Oth",12
137,"PICE.RUB",10,"Extra",0
137,"PINU.BAN",1,"VF_A",0
137,"PINU.BAN",2,"VF_B",0
137,"PINU.BAN",3,"Fast_A",1
137,"PINU.BAN",4,"Fast_B",0
137,"PINU.BAN",5,"MED",2
137,"PINU.BAN",6,"Slow_A",38
137,"PINU.BAN",7,"Slow_B",30
137,"PINU.BAN",8,"Sng_Stem",1
137,"PINU.BAN",9,"Sng_Oth",0
137,"PINU.BAN",10,"Extra",0
137,"PINU.RES",1,"VF_A",0
137,"PINU.RES",2,"VF_B",0
137,"PINU.RES",3,"Fast_A",0
137,"PINU.RES",4,"Fast_B",0
137,"PINU.RES",5,"MED",0
137,"PINU.RES",6,"Slow_A",0
137,"PINU.RES",7,"Slow_B",0
137,"PINU.RES",8,"Sng_Stem",0
137,"PINU.RES",9,"Sng_Oth",0
137,"PINU.RES",10,"Extra",0
137,"PINU.STR",1,"VF_A",0
137,"PINU.STR",2,"VF_B",0
137,"PINU.STR",3,"Fast_A",0
137,"PINU.STR",4,"Fast_B",0
137,"PINU.STR",5,"MED",0
137,"PINU.STR",6,"Slow_A",5
137,"PINU.STR",7,"Slow_B",4
137,"PINU.STR",8,"Sng_Stem",0
137,"PINU.STR",9,"Sng_Oth",0
137,"PINU.STR",10,"Extra",0
137,"POPU.TRE",1,"VF_A",0
137,"POPU.TRE",2,"VF_B",0
137,"POPU.TRE",3,"Fast_A",1
137,"POPU.TRE",4,"Fast_B",0
137,"POPU.TRE",5,"MED",2
137,"POPU.TRE",6,"Slow_A",34
137,"POPU.TRE",7,"Slow_B",27
137,"POPU.TRE",8,"Sng_Stem",1
137,"POPU.TRE",9,"Sng_Oth",0
137,"POPU.TRE",10,"Extra",0
137,"QUER.RUB",1,"VF_A",0
137,"QUER.RUB",2,"VF_B",0
137,"QUER.RUB",3,"Fast_A",7
137,"QUER.RUB",4,"Fast_B",0
137,"QUER.RUB",5,"MED",9
137,"QUER.RUB",6,"Slow_A",188
137,"QUER.RUB",7,"Slow_B",150
137,"QUER.RUB",8,"Sng_Stem",4
137,"QUER.RUB",9,"Sng_Oth",2
137,"QUER.RUB",10,"Extra",0
137,"THUJ.SPP.ALL",1,"VF_A",0
137,"THUJ.SPP.ALL",2,"VF_B",0
137,"THUJ.SPP.ALL",3,"Fast_A",17
137,"THUJ.SPP.ALL",4,"Fast_B",0
137,"THUJ.SPP.ALL",5,"MED",21
137,"THUJ.SPP.ALL",6,"Slow_A",439
137,"THUJ.SPP.ALL",7,"Slow_B",351
137,"THUJ.SPP.ALL",8,"Sng_Stem",9
137,"THUJ.SPP.ALL",9,"Sng_Oth",5
137,"THUJ.SPP.ALL",10,"Extra",0
137,"TSUG.CAN",1,"VF_A",0
137,"TSUG.CAN",2,"VF_B",0
137,"TSUG.CAN",3,"Fast_A",11
137,"TSUG.CAN",4,"Fast_B",0
137,"TSUG.CAN",5,"MED",13
137,"TSUG.CAN",6,"Slow_A",276
137,"TSUG.CAN",7,"Slow_B",221
137,"TSUG.CAN",8,"Sng_Stem",6
137,"TSUG.CAN",9,"Sng_Oth",3
137,"TSUG.CAN",10,"Extra",0
217,"ABIE.BAL",1,"VF_A",0
217,"ABIE.BAL",2,"VF_B",0
217,"ABIE.BAL",3,"Fast_A",60
217,"ABIE.BAL",4,"Fast_B",0
217,"ABIE.BAL",5,"MED",74
217,"ABIE.BAL",6,"Slow_A",1533
217,"ABIE.BAL",7,"Slow_B",1226
217,"ABIE.BAL",8,"Sng_Stem",33
217,"ABIE.BAL",9,"Sng_Oth",16
217,"ABIE.BAL",10,"Extra",0
217,"ACER.RUB",1,"VF_A",0
217,"ACER.RUB",2,"VF_B",0
217,"ACER.RUB",3,"Fast_A",6
217,"ACER.RUB",4,"Fast_B",0
217,"ACER.RUB",5,"MED",7
217,"ACER.RUB",6,"Slow_A",145
217,"ACER.RUB",7,"Slow_B",116
217,"ACER.RUB",8,"Sng_Stem",3
217,"ACER.RUB",9,"Sng_Oth",2
217,"ACER.RUB",10,"Extra",0
217,"ACER.SAH",1,"VF_A",0
217,"ACER.SAH",2,"VF_B",0
217,"ACER.SAH",3,"Fast_A",4
217,"ACER.SAH",4,"Fast_B",0
217,"ACER.SAH",5,"MED",5
217,"ACER.SAH",6,"Slow_A",106
217,"ACER.SAH",7,"Slow_B",85
217,"ACER.SAH",8,"Sng_Stem",2
217,"ACER.SAH",9,"Sng_Oth",1
217,"ACER.SAH",10,"Extra",0
217,"BETU.ALL",1,"VF_A",0
217,"BETU.ALL",2,"VF_B",0
217,"BETU.ALL",3,"Fast_A",12
217,"BETU.ALL",4,"Fast_B",0
217,"BETU.ALL",5,"MED",14
217,"BETU.ALL",6,"Slow_A",301
217,"BETU.ALL",7,"Slow_B",241
217,"BETU.ALL",8,"Sng_Stem",6
217,"BETU.ALL",9,"Sng_Oth",3
217,"BETU.ALL",10,"Extra",0
217,"BETU.PAP",1,"VF_A",0
217,"BETU.PAP",2,"VF_B",0
217,"BETU.PAP",3,"Fast_A",5
217,"BETU.PAP",4,"Fast_B",0
217,"BETU.PAP",5,"MED",6
217,"BETU.PAP",6,"Slow_A",130
217,"BETU.PAP",7,"Slow_B",104
217,"BETU.PAP",8,"Sng_Stem",3
217,"BETU.PAP",9,"Sng_Oth",1
217,"BETU.PAP",10,"Extra",0
217,"FAGU.GRA",1,"VF_A",0
217,"FAGU.GRA",2,"VF_B",0
217,"FAGU.GRA",3,"Fast_A",0
217,"FAGU.GRA",4,"Fast_B",0
217,"FAGU.GRA",5,"MED",0
217,"FAGU.GRA",6,"Slow_A",0
217,"FAGU.GRA",7,"Slow_B",0
217,"FAGU.GRA",8,"Sng_Stem",0
217,"FAGU.GRA",9,"Sng_Oth",0
217,"FAGU.GRA",10,"Extra",0
217,"LARI.LAR",1,"VF_A",0
217,"LARI.LAR",2,"VF_B",0
217,"LARI.LAR",3,"Fast_A",0
217,"LARI.LAR",4,"Fast_B",0
217,"LARI.LAR",5,"MED",0
217,"LARI.LAR",6,"Slow_A",5
217,"LARI.LAR",7,"Slow_B",4
217,"LARI.LAR",8,"Sng_Stem",0
217,"LARI.LAR",9,"Sng_Oth",0
217,"LARI.LAR",10,"Extra",0
217,"PICE.GLA",1,"VF_A",0
217,"PICE.GLA",2,"VF_B",0
217,"PICE.GLA",3,"Fast_A",83
217,"PICE.GLA",4,"Fast_B",0
217,"PICE.GLA",5,"MED",102
217,"PICE.GLA",6,"Slow_A",2115
217,"PICE.GLA",7,"Slow_B",1692
217,"PICE.GLA",8,"Sng_Stem",45
217,"PICE.GLA",9,"Sng_Oth",22
217,"PICE.GLA",10,"Extra",0
217,"PICE.MAR",1,"VF_A",0
217,"PICE.MAR",2,"VF_B",0
217,"PICE.MAR",3,"Fast_A",15
217,"PICE.MAR",4,"Fast_B",0
217,"PICE.MAR",5,"MED",18
217,"PICE.MAR",6,"Slow_A",381
217,"PICE.MAR",7,"Slow_B",305
217,"PICE.MAR",8,"Sng_Stem",8
217,"PICE.MAR",9,"Sng_Oth",4
217,"PICE.MAR",10,"Extra",0
217,"PICE.RUB",1,"VF_A",0
217,"PICE.RUB",2,"VF_B",0
217,"PICE.RUB",3,"Fast_A",62
217,"PICE.RUB",4,"Fast_B",0
217,"PICE.RUB",5,"MED",77
217,"PICE.RUB",6,"Slow_A",1598
217,"PICE.RUB",7,"Slow_B",1278
217,"PICE.RUB",8,"Sng_Stem",34
217,"PICE.RUB",9,"Sng_Oth",17
217,"PICE.RUB",10,"Extra",0
217,"PINU.BAN",1,"VF_A",0
217,"PINU.BAN",2,"VF_B",0
217,"PINU.BAN",3,"Fast_A",1
217,"PINU.BAN",4,"Fast_B",0
217,"PINU.BAN",5,"MED",2
217,"PINU.BAN",6,"Slow_A",35
217,"PINU.BAN",7,"Slow_B",28
217,"PINU.BAN",8,"Sng_Stem",1
217,"PINU.BAN",9,"Sng_Oth",0
217,"PINU.BAN",10,"Extra",0
217,"PINU.RES",1,"VF_A",0
217,"PINU.RES",2,"VF_B",0
217,"PINU.RES",3,"Fast_A",0
217,"PINU.RES",4,"Fast_B",0
217,"PINU.RES",5,"MED",0
217,"PINU.RES",6,"Slow_A",0
217,"PINU.RES",7,"Slow_B",0
217,"PINU.RES",8,"Sng_Stem",0
217,"PINU.RES",9,"Sng_Oth",0
217,"PINU.RES",10,"Extra",0
217,"PINU.STR",1,"VF_A",0
217,"PINU.STR",2,"VF_B",0
217,"PINU.STR",3,"Fast_A",3
217,"PINU.STR",4,"Fast_B",0
217,"PINU.STR",5,"MED",3
217,"PINU.STR",6,"Slow_A",72
217,"PINU.STR",7,"Slow_B",58
217,"PINU.STR",8,"Sng_Stem",2
217,"PINU.STR",9,"Sng_Oth",1
217,"PINU.STR",10,"Extra",0
217,"POPU.TRE",1,"VF_A",0
217,"POPU.TRE",2,"VF_B",0
217,"POPU.TRE",3,"Fast_A",1
217,"POPU.TRE",4,"Fast_B",0
217,"POPU.TRE",5,"MED",1
217,"POPU.TRE",6,"Slow_A",13
217,"POPU.TRE",7,"Slow_B",10
217,"POPU.TRE",8,"Sng_Stem",0
217,"POPU.TRE",9,"Sng_Oth",0
217,"POPU.TRE",10,"Extra",0
217,"QUER.RUB",1,"VF_A",0
217,"QUER.RUB",2,"VF_B",0
217,"QUER.RUB",3,"Fast_A",0
217,"QUER.RUB",4,"Fast_B",0
217,"QUER.RUB",5,"MED",0
217,"QUER.RUB",6,"Slow_A",0
217,"QUER.RUB",7,"Slow_B",0
217,"QUER.RUB",8,"Sng_Stem",0
217,"QUER.RUB",9,"Sng_Oth",0
217,"QUER.RUB",10,"Extra",0
217,"THUJ.SPP.ALL",1,"VF_A",0
217,"THUJ.SPP.ALL",2,"VF_B",0
217,"THUJ.SPP.ALL",3,"Fast_A",8
217,"THUJ.SPP.ALL",4,"Fast_B",0
217,"THUJ.SPP.ALL",5,"MED",10
217,"THUJ.SPP.ALL",6,"Slow_A",200
217,"THUJ.SPP.ALL",7,"Slow_B",160
217,"THUJ.SPP.ALL",8,"Sng_Stem",4
217,"THUJ.SPP.ALL",9,"Sng_Oth",2
217,"THUJ.SPP.ALL",10,"Extra",0
217,"TSUG.CAN",1,"VF_A",0
217,"TSUG.CAN",2,"VF_B",0
217,"TSUG.CAN",3,"Fast_A",0
217,"TSUG.CAN",4,"Fast_B",0
217,"TSUG.CAN",5,"MED",0
217,"TSUG.CAN",6,"Slow_A",0
217,"TSUG.CAN",7,"Slow_B",0
217,"TSUG.CAN",8,"Sng_Stem",0
217,"TSUG.CAN",9,"Sng_Oth",0
217,"TSUG.CAN",10,"Extra",0
218,"ABIE.BAL",1,"VF_A",0
218,"ABIE.BAL",2,"VF_B",0
218,"ABIE.BAL",3,"Fast_A",49
218,"ABIE.BAL",4,"Fast_B",0
218,"ABIE.BAL",5,"MED",60
218,"ABIE.BAL",6,"Slow_A",1250
218,"ABIE.BAL",7,"Slow_B",1000
218,"ABIE.BAL",8,"Sng_Stem",27
218,"ABIE.BAL",9,"Sng_Oth",13
218,"ABIE.BAL",10,"Extra",0
218,"ACER.RUB",1,"VF_A",0
218,"ACER.RUB",2,"VF_B",0
218,"ACER.RUB",3,"Fast_A",2
218,"ACER.RUB",4,"Fast_B",0
218,"ACER.RUB",5,"MED",3
218,"ACER.RUB",6,"Slow_A",54
218,"ACER.RUB",7,"Slow_B",43
218,"ACER.RUB",8,"Sng_Stem",1
218,"ACER.RUB",9,"Sng_Oth",1
218,"ACER.RUB",10,"Extra",0
218,"ACER.SAH",1,"VF_A",0
218,"ACER.SAH",2,"VF_B",0
218,"ACER.SAH",3,"Fast_A",2
218,"ACER.SAH",4,"Fast_B",0
218,"ACER.SAH",5,"MED",2
218,"ACER.SAH",6,"Slow_A",39
218,"ACER.SAH",7,"Slow_B",31
218,"ACER.SAH",8,"Sng_Stem",1
218,"ACER.SAH",9,"Sng_Oth",0
218,"ACER.SAH",10,"Extra",0
218,"BETU.ALL",1,"VF_A",0
218,"BETU.ALL",2,"VF_B",0
218,"BETU.ALL",3,"Fast_A",7
218,"BETU.ALL",4,"Fast_B",0
218,"BETU.ALL",5,"MED",8
218,"BETU.ALL",6,"Slow_A",175
218,"BETU.ALL",7,"Slow_B",140
218,"BETU.ALL",8,"Sng_Stem",4
218,"BETU.ALL",9,"Sng_Oth",2
218,"BETU.ALL",10,"Extra",0
218,"BETU.PAP",1,"VF_A",0
218,"BETU.PAP",2,"VF_B",0
218,"BETU.PAP",3,"Fast_A",3
218,"BETU.PAP",4,"Fast_B",0
218,"BETU.PAP",5,"MED",3
218,"BETU.PAP",6,"Slow_A",65
218,"BETU.PAP",7,"Slow_B",52
218,"BETU.PAP",8,"Sng_Stem",1
218,"BETU.PAP",9,"Sng_Oth",1
218,"BETU.PAP",10,"Extra",0
218,"FAGU.GRA",1,"VF_A",0
218,"FAGU.GRA",2,"VF_B",0
218,"FAGU.GRA",3,"Fast_A",0
218,"FAGU.GRA",4,"Fast_B",0
218,"FAGU.GRA",5,"MED",0
218,"FAGU.GRA",6,"Slow_A",1
218,"FAGU.GRA",7,"Slow_B",1
218,"FAGU.GRA",8,"Sng_Stem",0
218,"FAGU.GRA",9,"Sng_Oth",0
218,"FAGU.GRA",10,"Extra",0
218,"LARI.LAR",1,"VF_A",0
218,"LARI.LAR",2,"VF_B",0
218,"LARI.LAR",3,"Fast_A",0
218,"LARI.LAR",4,"Fast_B",0
218,"LARI.LAR",5,"MED",0
218,"LARI.LAR",6,"Slow_A",4
218,"LARI.LAR",7,"Slow_B",3
218,"LARI.LAR",8,"Sng_Stem",0
218,"LARI.LAR",9,"Sng_Oth",0
218,"LARI.LAR",10,"Extra",0
218,"PICE.GLA",1,"VF_A",0
218,"PICE.GLA",2,"VF_B",0
218,"PICE.GLA",3,"Fast_A",72
218,"PICE.GLA",4,"Fast_B",0
218,"PICE.GLA",5,"MED",89
218,"PICE.GLA",6,"Slow_A",1839
218,"PICE.GLA",7,"Slow_B",1471
218,"PICE.GLA",8,"Sng_Stem",39
218,"PICE.GLA",9,"Sng_Oth",19
218,"PICE.GLA",10,"Extra",0
218,"PICE.MAR",1,"VF_A",0
218,"PICE.MAR",2,"VF_B",0
218,"PICE.MAR",3,"Fast_A",9
218,"PICE.MAR",4,"Fast_B",0
218,"PICE.MAR",5,"MED",12
218,"PICE.MAR",6,"Slow_A",243
218,"PICE.MAR",7,"Slow_B",194
218,"PICE.MAR",8,"Sng_Stem",5
218,"PICE.MAR",9,"Sng_Oth",3
218,"PICE.MAR",10,"Extra",0
218,"PICE.RUB",1,"VF_A",0
218,"PICE.RUB",2,"VF_B",0
218,"PICE.RUB",3,"Fast_A",104
218,"PICE.RUB",4,"Fast_B",0
218,"PICE.RUB",5,"MED",129
218,"PICE.RUB",6,"Slow_A",2675
218,"PICE.RUB",7,"Slow_B",2139
218,"PICE.RUB",8,"Sng_Stem",57
218,"PICE.RUB",9,"Sng_Oth",28
218,"PICE.RUB",10,"Extra",0
218,"PINU.BAN",1,"VF_A",0
218,"PINU.BAN",2,"VF_B",0
218,"PINU.BAN",3,"Fast_A",0
218,"PINU.BAN",4,"Fast_B",0
218,"PINU.BAN",5,"MED",1
218,"PINU.BAN",6,"Slow_A",11
218,"PINU.BAN",7,"Slow_B",9
218,"PINU.BAN",8,"Sng_Stem",0
218,"PINU.BAN",9,"Sng_Oth",0
218,"PINU.BAN",10,"Extra",0
218,"PINU.RES",1,"VF_A",0
218,"PINU.RES",2,"VF_B",0
218,"PINU.RES",3,"Fast_A",0
218,"PINU.RES",4,"Fast_B",0
218,"PINU.RES",5,"MED",0
218,"PINU.RES",6,"Slow_A",0
218,"PINU.RES",7,"Slow_B",0
218,"PINU.RES",8,"Sng_Stem",0
218,"PINU.RES",9,"Sng_Oth",0
218,"PINU.RES",10,"Extra",0
218,"PINU.STR",1,"VF_A",0
218,"PINU.STR",2,"VF_B",0
218,"PINU.STR",3,"Fast_A",2
218,"PINU.STR",4,"Fast_B",0
218,"PINU.STR",5,"MED",3
218,"PINU.STR",6,"Slow_A",58
218,"PINU.STR",7,"Slow_B",46
218,"PINU.STR",8,"Sng_Stem",1
218,"PINU.STR",9,"Sng_Oth",1
218,"PINU.STR",10,"Extra",0
218,"POPU.TRE",1,"VF_A",0
218,"POPU.TRE",2,"VF_B",0
218,"POPU.TRE",3,"Fast_A",0
218,"POPU.TRE",4,"Fast_B",0
218,"POPU.TRE",5,"MED",0
218,"POPU.TRE",6,"Slow_A",6
218,"POPU.TRE",7,"Slow_B",5
218,"POPU.TRE",8,"Sng_Stem",0
218,"POPU.TRE",9,"Sng_Oth",0
218,"POPU.TRE",10,"Extra",0
218,"QUER.RUB",1,"VF_A",0
218,"QUER.RUB",2,"VF_B",0
218,"QUER.RUB",3,"Fast_A",0
218,"QUER.RUB",4,"Fast_B",0
218,"QUER.RUB",5,"MED",0
218,"QUER.RUB",6,"Slow_A",0
218,"QUER.RUB",7,"Slow_B",0
218,"QUER.RUB",8,"Sng_Stem",0
218,"QUER.RUB",9,"Sng_Oth",0
218,"QUER.RUB",10,"Extra",0
218,"THUJ.SPP.ALL",1,"VF_A",0
218,"THUJ.SPP.ALL",2,"VF_B",0
218,"THUJ.SPP.ALL",3,"Fast_A",8
218,"THUJ.SPP.ALL",4,"Fast_B",0
218,"THUJ.SPP.ALL",5,"MED",10
218,"THUJ.SPP.ALL",6,"Slow_A",213
218,"THUJ.SPP.ALL",7,"Slow_B",170
218,"THUJ.SPP.ALL",8,"Sng_Stem",5
218,"THUJ.SPP.ALL",9,"Sng_Oth",2
218,"THUJ.SPP.ALL",10,"Extra",0
218,"TSUG.CAN",1,"VF_A",0
218,"TSUG.CAN",2,"VF_B",0
218,"TSUG.CAN",3,"Fast_A",0
218,"TSUG.CAN",4,"Fast_B",0
218,"TSUG.CAN",5,"MED",0
218,"TSUG.CAN",6,"Slow_A",0
218,"TSUG.CAN",7,"Slow_B",0
218,"TSUG.CAN",8,"Sng_Stem",0
218,"TSUG.CAN",9,"Sng_Oth",0
218,"TSUG.CAN",10,"Extra",0
219,"ABIE.BAL",1,"VF_A",0
219,"ABIE.BAL",2,"VF_B",0
219,"ABIE.BAL",3,"Fast_A",52
219,"ABIE.BAL",4,"Fast_B",0
219,"ABIE.BAL",5,"MED",64
219,"ABIE.BAL",6,"Slow_A",1331
219,"ABIE.BAL",7,"Slow_B",1065
219,"ABIE.BAL",8,"Sng_Stem",29
219,"ABIE.BAL",9,"Sng_Oth",14
219,"ABIE.BAL",10,"Extra",0
219,"ACER.RUB",1,"VF_A",0
219,"ACER.RUB",2,"VF_B",0
219,"ACER.RUB",3,"Fast_A",4
219,"ACER.RUB",4,"Fast_B",0
219,"ACER.RUB",5,"MED",5
219,"ACER.RUB",6,"Slow_A",111
219,"ACER.RUB",7,"Slow_B",88
219,"ACER.RUB",8,"Sng_Stem",2
219,"ACER.RUB",9,"Sng_Oth",1
219,"ACER.RUB",10,"Extra",0
219,"ACER.SAH",1,"VF_A",0
219,"ACER.SAH",2,"VF_B",0
219,"ACER.SAH",3,"Fast_A",2
219,"ACER.SAH",4,"Fast_B",0
219,"ACER.SAH",5,"MED",3
219,"ACER.SAH",6,"Slow_A",54
219,"ACER.SAH",7,"Slow_B",43
219,"ACER.SAH",8,"Sng_Stem",1
219,"ACER.SAH",9,"Sng_Oth",1
219,"ACER.SAH",10,"Extra",0
219,"BETU.ALL",1,"VF_A",0
219,"BETU.ALL",2,"VF_B",0
219,"BETU.ALL",3,"Fast_A",8
219,"BETU.ALL",4,"Fast_B",0
219,"BETU.ALL",5,"MED",9
219,"BETU.ALL",6,"Slow_A",195
219,"BETU.ALL",7,"Slow_B",156
219,"BETU.ALL",8,"Sng_Stem",4
219,"BETU.ALL",9,"Sng_Oth",2
219,"BETU.ALL",10,"Extra",0
219,"BETU.PAP",1,"VF_A",0
219,"BETU.PAP",2,"VF_B",0
219,"BETU.PAP",3,"Fast_A",3
219,"BETU.PAP",4,"Fast_B",0
219,"BETU.PAP",5,"MED",3
219,"BETU.PAP",6,"Slow_A",64
219,"BETU.PAP",7,"Slow_B",52
219,"BETU.PAP",8,"Sng_Stem",1
219,"BETU.PAP",9,"Sng_Oth",1
219,"BETU.PAP",10,"Extra",0
219,"FAGU.GRA",1,"VF_A",0
219,"FAGU.GRA",2,"VF_B",0
219,"FAGU.GRA",3,"Fast_A",0
219,"FAGU.GRA",4,"Fast_B",0
219,"FAGU.GRA",5,"MED",0
219,"FAGU.GRA",6,"Slow_A",1
219,"FAGU.GRA",7,"Slow_B",1
219,"FAGU.GRA",8,"Sng_Stem",0
219,"FAGU.GRA",9,"Sng_Oth",0
219,"FAGU.GRA",10,"Extra",0
219,"LARI.LAR",1,"VF_A",0
219,"LARI.LAR",2,"VF_B",0
219,"LARI.LAR",3,"Fast_A",0
219,"LARI.LAR",4,"Fast_B",0
219,"LARI.LAR",5,"MED",0
219,"LARI.LAR",6,"Slow_A",4
219,"LARI.LAR",7,"Slow_B",4
219,"LARI.LAR",8,"Sng_Stem",0
219,"LARI.LAR",9,"Sng_Oth",0
219,"LARI.LAR",10,"Extra",0
219,"PICE.GLA",1,"VF_A",0
219,"PICE.GLA",2,"VF_B",0
219,"PICE.GLA",3,"Fast_A",72
219,"PICE.GLA",4,"Fast_B",0
219,"PICE.GLA",5,"MED",89
219,"PICE.GLA",6,"Slow_A",1842
219,"PICE.GLA",7,"Slow_B",1474
219,"PICE.GLA",8,"Sng_Stem",39
219,"PICE.GLA",9,"Sng_Oth",19
219,"PICE.GLA",10,"Extra",0
219,"PICE.MAR",1,"VF_A",0
219,"PICE.MAR",2,"VF_B",0
219,"PICE.MAR",3,"Fast_A",11
219,"PICE.MAR",4,"Fast_B",0
219,"PICE.MAR",5,"MED",14
219,"PICE.MAR",6,"Slow_A",292
219,"PICE.MAR",7,"Slow_B",234
219,"PICE.MAR",8,"Sng_Stem",6
219,"PICE.MAR",9,"Sng_Oth",3
219,"PICE.MAR",10,"Extra",0
219,"PICE.RUB",1,"VF_A",0
219,"PICE.RUB",2,"VF_B",0
219,"PICE.RUB",3,"Fast_A",93
219,"PICE.RUB",4,"Fast_B",0
219,"PICE.RUB",5,"MED",115
219,"PICE.RUB",6,"Slow_A",2394
219,"PICE.RUB",7,"Slow_B",1914
219,"PICE.RUB",8,"Sng_Stem",51
219,"PICE.RUB",9,"Sng_Oth",25
219,"PICE.RUB",10,"Extra",0
219,"PINU.BAN",1,"VF_A",0
219,"PINU.BAN",2,"VF_B",0
219,"PINU.BAN",3,"Fast_A",2
219,"PINU.BAN",4,"Fast_B",0
219,"PINU.BAN",5,"MED",2
219,"PINU.BAN",6,"Slow_A",51
219,"PINU.BAN",7,"Slow_B",41
219,"PINU.BAN",8,"Sng_Stem",1
219,"PINU.BAN",9,"Sng_Oth",1
219,"PINU.BAN",10,"Extra",0
219,"PINU.RES",1,"VF_A",0
219,"PINU.RES",2,"VF_B",0
219,"PINU.RES",3,"Fast_A",0
219,"PINU.RES",4,"Fast_B",0
219,"PINU.RES",5,"MED",0
219,"PINU.RES",6,"Slow_A",0
219,"PINU.RES",7,"Slow_B",0
219,"PINU.RES",8,"Sng_Stem",0
219,"PINU.RES",9,"Sng_Oth",0
219,"PINU.RES",10,"Extra",0
219,"PINU.STR",1,"VF_A",0
219,"PINU.STR",2,"VF_B",0
219,"PINU.STR",3,"Fast_A",2
219,"PINU.STR",4,"Fast_B",0
219,"PINU.STR",5,"MED",2
219,"PINU.STR",6,"Slow_A",50
219,"PINU.STR",7,"Slow_B",40
219,"PINU.STR",8,"Sng_Stem",1
219,"PINU.STR",9,"Sng_Oth",1
219,"PINU.STR",10,"Extra",0
219,"POPU.TRE",1,"VF_A",0
219,"POPU.TRE",2,"VF_B",0
219,"POPU.TRE",3,"Fast_A",0
219,"POPU.TRE",4,"Fast_B",0
219,"POPU.TRE",5,"MED",0
219,"POPU.TRE",6,"Slow_A",6
219,"POPU.TRE",7,"Slow_B",5
219,"POPU.TRE",8,"Sng_Stem",0
219,"POPU.TRE",9,"Sng_Oth",0
219,"POPU.TRE",10,"Extra",0
219,"QUER.RUB",1,"VF_A",0
219,"QUER.RUB",2,"VF_B",0
219,"QUER.RUB",3,"Fast_A",0
219,"QUER.RUB",4,"Fast_B",0
219,"QUER.RUB",5,"MED",0
219,"QUER.RUB",6,"Slow_A",0
219,"QUER.RUB",7,"Slow_B",0
219,"QUER.RUB",8,"Sng_Stem",0
219,"QUER.RUB",9,"Sng_Oth",0
219,"QUER.RUB",10,"Extra",0
219,"THUJ.SPP.ALL",1,"VF_A",0
219,"THUJ.SPP.ALL",2,"VF_B",0
219,"THUJ.SPP.ALL",3,"Fast_A",9
219,"THUJ.SPP.ALL",4,"Fast_B",0
219,"THUJ.SPP.ALL",5,"MED",11
219,"THUJ.SPP.ALL",6,"Slow_A",238
219,"THUJ.SPP.ALL",7,"Slow_B",191
219,"THUJ.SPP.ALL",8,"Sng_Stem",5
219,"THUJ.SPP.ALL",9,"Sng_Oth",2
219,"THUJ.SPP.ALL",10,"Extra",0
219,"TSUG.CAN",1,"VF_A",0
219,"TSUG.CAN",2,"VF_B",0
219,"TSUG.CAN",3,"Fast_A",0
219,"TSUG.CAN",4,"Fast_B",0
219,"TSUG.CAN",5,"MED",0
219,"TSUG.CAN",6,"Slow_A",0
219,"TSUG.CAN",7,"Slow_B",0
219,"TSUG.CAN",8,"Sng_Stem",0
219,"TSUG.CAN",9,"Sng_Oth",0
219,"TSUG.CAN",10,"Extra",0
220,"ABIE.BAL",1,"VF_A",0
220,"ABIE.BAL",2,"VF_B",0
220,"ABIE.BAL",3,"Fast_A",37
220,"ABIE.BAL",4,"Fast_B",0
220,"ABIE.BAL",5,"MED",46
220,"ABIE.BAL",6,"Slow_A",950
220,"ABIE.BAL",7,"Slow_B",760
220,"ABIE.BAL",8,"Sng_Stem",20
220,"ABIE.BAL",9,"Sng_Oth",10
220,"ABIE.BAL",10,"Extra",0
220,"ACER.RUB",1,"VF_A",0
220,"ACER.RUB",2,"VF_B",0
220,"ACER.RUB",3,"Fast_A",1
220,"ACER.RUB",4,"Fast_B",0
220,"ACER.RUB",5,"MED",2
220,"ACER.RUB",6,"Slow_A",36
220,"ACER.RUB",7,"Slow_B",28
220,"ACER.RUB",8,"Sng_Stem",1
220,"ACER.RUB",9,"Sng_Oth",0
220,"ACER.RUB",10,"Extra",0
220,"ACER.SAH",1,"VF_A",0
220,"ACER.SAH",2,"VF_B",0
220,"ACER.SAH",3,"Fast_A",6
220,"ACER.SAH",4,"Fast_B",0
220,"ACER.SAH",5,"MED",7
220,"ACER.SAH",6,"Slow_A",142
220,"ACER.SAH",7,"Slow_B",114
220,"ACER.SAH",8,"Sng_Stem",3
220,"ACER.SAH",9,"Sng_Oth",1
220,"ACER.SAH",10,"Extra",0
220,"BETU.ALL",1,"VF_A",0
220,"BETU.ALL",2,"VF_B",0
220,"BETU.ALL",3,"Fast_A",5
220,"BETU.ALL",4,"Fast_B",0
220,"BETU.ALL",5,"MED",7
220,"BETU.ALL",6,"Slow_A",138
220,"BETU.ALL",7,"Slow_B",110
220,"BETU.ALL",8,"Sng_Stem",3
220,"BETU.ALL",9,"Sng_Oth",1
220,"BETU.ALL",10,"Extra",0
220,"BETU.PAP",1,"VF_A",0
220,"BETU.PAP",2,"VF_B",0
220,"BETU.PAP",3,"Fast_A",3
220,"BETU.PAP",4,"Fast_B",0
220,"BETU.PAP",5,"MED",3
220,"BETU.PAP",6,"Slow_A",65
220,"BETU.PAP",7,"Slow_B",52
220,"BETU.PAP",8,"Sng_Stem",1
220,"BETU.PAP",9,"Sng_Oth",1
220,"BETU.PAP",10,"Extra",0
220,"FAGU.GRA",1,"VF_A",0
220,"FAGU.GRA",2,"VF_B",0
220,"FAGU.GRA",3,"Fast_A",2
220,"FAGU.GRA",4,"Fast_B",0
220,"FAGU.GRA",5,"MED",2
220,"FAGU.GRA",6,"Slow_A",39
220,"FAGU.GRA",7,"Slow_B",32
220,"FAGU.GRA",8,"Sng_Stem",1
220,"FAGU.GRA",9,"Sng_Oth",0
220,"FAGU.GRA",10,"Extra",0
220,"LARI.LAR",1,"VF_A",0
220,"LARI.LAR",2,"VF_B",0
220,"LARI.LAR",3,"Fast_A",0
220,"LARI.LAR",4,"Fast_B",0
220,"LARI.LAR",5,"MED",0
220,"LARI.LAR",6,"Slow_A",3
220,"LARI.LAR",7,"Slow_B",3
220,"LARI.LAR",8,"Sng_Stem",0
220,"LARI.LAR",9,"Sng_Oth",0
220,"LARI.LAR",10,"Extra",0
220,"PICE.GLA",1,"VF_A",0
220,"PICE.GLA",2,"VF_B",0
220,"PICE.GLA",3,"Fast_A",43
220,"PICE.GLA",4,"Fast_B",0
220,"PICE.GLA",5,"MED",53
220,"PICE.GLA",6,"Slow_A",1102
220,"PICE.GLA",7,"Slow_B",882
220,"PICE.GLA",8,"Sng_Stem",24
220,"PICE.GLA",9,"Sng_Oth",11
220,"PICE.GLA",10,"Extra",0
220,"PICE.MAR",1,"VF_A",0
220,"PICE.MAR",2,"VF_B",0
220,"PICE.MAR",3,"Fast_A",14
220,"PICE.MAR",4,"Fast_B",0
220,"PICE.MAR",5,"MED",17
220,"PICE.MAR",6,"Slow_A",353
220,"PICE.MAR",7,"Slow_B",283
220,"PICE.MAR",8,"Sng_Stem",8
220,"PICE.MAR",9,"Sng_Oth",4
220,"PICE.MAR",10,"Extra",0
220,"PICE.RUB",1,"VF_A",0
220,"PICE.RUB",2,"VF_B",0
220,"PICE.RUB",3,"Fast_A",114
220,"PICE.RUB",4,"Fast_B",0
220,"PICE.RUB",5,"MED",141
220,"PICE.RUB",6,"Slow_A",2920
220,"PICE.RUB",7,"Slow_B",2335
220,"PICE.RUB",8,"Sng_Stem",63
220,"PICE.RUB",9,"Sng_Oth",30
220,"PICE.RUB",10,"Extra",0
220,"PINU.BAN",1,"VF_A",0
220,"PINU.BAN",2,"VF_B",0
220,"PINU.BAN",3,"Fast_A",4
220,"PINU.BAN",4,"Fast_B",0
220,"PINU.BAN",5,"MED",5
220,"PINU.BAN",6,"Slow_A",106
220,"PINU.BAN",7,"Slow_B",84
220,"PINU.BAN",8,"Sng_Stem",2
220,"PINU.BAN",9,"Sng_Oth",1
220,"PINU.BAN",10,"Extra",0
220,"PINU.RES",1,"VF_A",0
220,"PINU.RES",2,"VF_B",0
220,"PINU.RES",3,"Fast_A",0
220,"PINU.RES",4,"Fast_B",0
220,"PINU.RES",5,"MED",0
220,"PINU.RES",6,"Slow_A",0
220,"PINU.RES",7,"Slow_B",0
220,"PINU.RES",8,"Sng_Stem",0
220,"PINU.RES",9,"Sng_Oth",0
220,"PINU.RES",10,"Extra",0
220,"PINU.STR",1,"VF_A",0
220,"PINU.STR",2,"VF_B",0
220,"PINU.STR",3,"Fast_A",6
220,"PINU.STR",4,"Fast_B",0
220,"PINU.STR",5,"MED",8
220,"PINU.STR",6,"Slow_A",163
220,"PINU.STR",7,"Slow_B",131
220,"PINU.STR",8,"Sng_Stem",3
220,"PINU.STR",9,"Sng_Oth",2
220,"PINU.STR",10,"Extra",0
220,"POPU.TRE",1,"VF_A",0
220,"POPU.TRE",2,"VF_B",0
220,"POPU.TRE",3,"Fast_A",0
220,"POPU.TRE",4,"Fast_B",0
220,"POPU.TRE",5,"MED",1
220,"POPU.TRE",6,"Slow_A",12
220,"POPU.TRE",7,"Slow_B",10
220,"POPU.TRE",8,"Sng_Stem",0
220,"POPU.TRE",9,"Sng_Oth",0
220,"POPU.TRE",10,"Extra",0
220,"QUER.RUB",1,"VF_A",0
220,"QUER.RUB",2,"VF_B",0
220,"QUER.RUB",3,"Fast_A",9
220,"QUER.RUB",4,"Fast_B",0
220,"QUER.RUB",5,"MED",11
220,"QUER.RUB",6,"Slow_A",229
220,"QUER.RUB",7,"Slow_B",183
220,"QUER.RUB",8,"Sng_Stem",5
220,"QUER.RUB",9,"Sng_Oth",2
220,"QUER.RUB",10,"Extra",0
220,"THUJ.SPP.ALL",1,"VF_A",0
220,"THUJ.SPP.ALL",2,"VF_B",0
220,"THUJ.SPP.ALL",3,"Fast_A",5
220,"THUJ.SPP.ALL",4,"Fast_B",0
220,"THUJ.SPP.ALL",5,"MED",6
220,"THUJ.SPP.ALL",6,"Slow_A",131
220,"THUJ.SPP.ALL",7,"Slow_B",105
220,"THUJ.SPP.ALL",8,"Sng_Stem",3
220,"THUJ.SPP.ALL",9,"Sng_Oth",1
220,"THUJ.SPP.ALL",10,"Extra",0
220,"TSUG.CAN",1,"VF_A",0
220,"TSUG.CAN",2,"VF_B",0
220,"TSUG.CAN",3,"Fast_A",10
220,"TSUG.CAN",4,"Fast_B",0
220,"TSUG.CAN",5,"MED",12
220,"TSUG.CAN",6,"Slow_A",245
220,"TSUG.CAN",7,"Slow_B",196
220,"TSUG.CAN",8,"Sng_Stem",5
220,"TSUG.CAN",9,"Sng_Oth",3
220,"TSUG.CAN",10,"Extra",0
221,"ABIE.BAL",1,"VF_A",0
221,"ABIE.BAL",2,"VF_B",0
221,"ABIE.BAL",3,"Fast_A",25
221,"ABIE.BAL",4,"Fast_B",0
221,"ABIE.BAL",5,"MED",31
221,"ABIE.BAL",6,"Slow_A",649
221,"ABIE.BAL",7,"Slow_B",519
221,"ABIE.BAL",8,"Sng_Stem",14
221,"ABIE.BAL",9,"Sng_Oth",7
221,"ABIE.BAL",10,"Extra",0
221,"ACER.RUB",1,"VF_A",0
221,"ACER.RUB",2,"VF_B",0
221,"ACER.RUB",3,"Fast_A",2
221,"ACER.RUB",4,"Fast_B",0
221,"ACER.RUB",5,"MED",3
221,"ACER.RUB",6,"Slow_A",61
221,"ACER.RUB",7,"Slow_B",49
221,"ACER.RUB",8,"Sng_Stem",1
221,"ACER.RUB",9,"Sng_Oth",1
221,"ACER.RUB",10,"Extra",0
221,"ACER.SAH",1,"VF_A",0
221,"ACER.SAH",2,"VF_B",0
221,"ACER.SAH",3,"Fast_A",9
221,"ACER.SAH",4,"Fast_B",0
221,"ACER.SAH",5,"MED",12
221,"ACER.SAH",6,"Slow_A",241
221,"ACER.SAH",7,"Slow_B",193
221,"ACER.SAH",8,"Sng_Stem",5
221,"ACER.SAH",9,"Sng_Oth",3
221,"ACER.SAH",10,"Extra",0
221,"BETU.ALL",1,"VF_A",0
221,"BETU.ALL",2,"VF_B",0
221,"BETU.ALL",3,"Fast_A",17
221,"BETU.ALL",4,"Fast_B",0
221,"BETU.ALL",5,"MED",21
221,"BETU.ALL",6,"Slow_A",431
221,"BETU.ALL",7,"Slow_B",344
221,"BETU.ALL",8,"Sng_Stem",9
221,"BETU.ALL",9,"Sng_Oth",4
221,"BETU.ALL",10,"Extra",0
221,"BETU.PAP",1,"VF_A",0
221,"BETU.PAP",2,"VF_B",0
221,"BETU.PAP",3,"Fast_A",2
221,"BETU.PAP",4,"Fast_B",0
221,"BETU.PAP",5,"MED",2
221,"BETU.PAP",6,"Slow_A",48
221,"BETU.PAP",7,"Slow_B",39
221,"BETU.PAP",8,"Sng_Stem",1
221,"BETU.PAP",9,"Sng_Oth",1
221,"BETU.PAP",10,"Extra",0
221,"FAGU.GRA",1,"VF_A",0
221,"FAGU.GRA",2,"VF_B",0
221,"FAGU.GRA",3,"Fast_A",3
221,"FAGU.GRA",4,"Fast_B",0
221,"FAGU.GRA",5,"MED",4
221,"FAGU.GRA",6,"Slow_A",89
221,"FAGU.GRA",7,"Slow_B",71
221,"FAGU.GRA",8,"Sng_Stem",2
221,"FAGU.GRA",9,"Sng_Oth",1
221,"FAGU.GRA",10,"Extra",0
221,"LARI.LAR",1,"VF_A",0
221,"LARI.LAR",2,"VF_B",0
221,"LARI.LAR",3,"Fast_A",0
221,"LARI.LAR",4,"Fast_B",0
221,"LARI.LAR",5,"MED",0
221,"LARI.LAR",6,"Slow_A",3
221,"LARI.LAR",7,"Slow_B",2
221,"LARI.LAR",8,"Sng_Stem",0
221,"LARI.LAR",9,"Sng_Oth",0
221,"LARI.LAR",10,"Extra",0
221,"PICE.GLA",1,"VF_A",0
221,"PICE.GLA",2,"VF_B",0
221,"PICE.GLA",3,"Fast_A",46
221,"PICE.GLA",4,"Fast_B",0
221,"PICE.GLA",5,"MED",57
221,"PICE.GLA",6,"Slow_A",1184
221,"PICE.GLA",7,"Slow_B",947
221,"PICE.GLA",8,"Sng_Stem",25
221,"PICE.GLA",9,"Sng_Oth",12
221,"PICE.GLA",10,"Extra",0
221,"PICE.MAR",1,"VF_A",0
221,"PICE.MAR",2,"VF_B",0
221,"PICE.MAR",3,"Fast_A",21
221,"PICE.MAR",4,"Fast_B",0
221,"PICE.MAR",5,"MED",26
221,"PICE.MAR",6,"Slow_A",531
221,"PICE.MAR",7,"Slow_B",424
221,"PICE.MAR",8,"Sng_Stem",11
221,"PICE.MAR",9,"Sng_Oth",6
221,"PICE.MAR",10,"Extra",0
221,"PICE.RUB",1,"VF_A",0
221,"PICE.RUB",2,"VF_B",0
221,"PICE.RUB",3,"Fast_A",95
221,"PICE.RUB",4,"Fast_B",0
221,"PICE.RUB",5,"MED",117
221,"PICE.RUB",6,"Slow_A",2427
221,"PICE.RUB",7,"Slow_B",1941
221,"PICE.RUB",8,"Sng_Stem",52
221,"PICE.RUB",9,"Sng_Oth",25
221,"PICE.RUB",10,"Extra",0
221,"PINU.BAN",1,"VF_A",0
221,"PINU.BAN",2,"VF_B",0
221,"PINU.BAN",3,"Fast_A",3
221,"PINU.BAN",4,"Fast_B",0
221,"PINU.BAN",5,"MED",4
221,"PINU.BAN",6,"Slow_A",77
221,"PINU.BAN",7,"Slow_B",62
221,"PINU.BAN",8,"Sng_Stem",2
221,"PINU.BAN",9,"Sng_Oth",1
221,"PINU.BAN",10,"Extra",0
221,"PINU.RES",1,"VF_A",0
221,"PINU.RES",2,"VF_B",0
221,"PINU.RES",3,"Fast_A",0
221,"PINU.RES",4,"Fast_B",0
221,"PINU.RES",5,"MED",0
221,"PINU.RES",6,"Slow_A",0
221,"PINU.RES",7,"Slow_B",0
221,"PINU.RES",8,"Sng_Stem",0
221,"PINU.RES",9,"Sng_Oth",0
221,"PINU.RES",10,"Extra",0
221,"PINU.STR",1,"VF_A",0
221,"PINU.STR",2,"VF_B",0
221,"PINU.STR",3,"Fast_A",4
221,"PINU.STR",4,"Fast_B",0
221,"PINU.STR",5,"MED",5
221,"PINU.STR",6,"Slow_A",102
221,"PINU.STR",7,"Slow_B",82
221,"PINU.STR",8,"Sng_Stem",2
221,"PINU.STR",9,"Sng_Oth",1
221,"PINU.STR",10,"Extra",0
221,"POPU.TRE",1,"VF_A",0
221,"POPU.TRE",2,"VF_B",0
221,"POPU.TRE",3,"Fast_A",1
221,"POPU.TRE",4,"Fast_B",0
221,"POPU.TRE",5,"MED",1
221,"POPU.TRE",6,"Slow_A",17
221,"POPU.TRE",7,"Slow_B",13
221,"POPU.TRE",8,"Sng_Stem",0
221,"POPU.TRE",9,"Sng_Oth",0
221,"POPU.TRE",10,"Extra",0
221,"QUER.RUB",1,"VF_A",0
221,"QUER.RUB",2,"VF_B",0
221,"QUER.RUB",3,"Fast_A",9
221,"QUER.RUB",4,"Fast_B",0
221,"QUER.RUB",5,"MED",11
221,"QUER.RUB",6,"Slow_A",234
221,"QUER.RUB",7,"Slow_B",187
221,"QUER.RUB",8,"Sng_Stem",5
221,"QUER.RUB",9,"Sng_Oth",2
221,"QUER.RUB",10,"Extra",0
221,"THUJ.SPP.ALL",1,"VF_A",0
221,"THUJ.SPP.ALL",2,"VF_B",0
221,"THUJ.SPP.ALL",3,"Fast_A",7
221,"THUJ.SPP.ALL",4,"Fast_B",0
221,"THUJ.SPP.ALL",5,"MED",9
221,"THUJ.SPP.ALL",6,"Slow_A",189
221,"THUJ.SPP.ALL",7,"Slow_B",151
221,"THUJ.SPP.ALL",8,"Sng_Stem",4
221,"THUJ.SPP.ALL",9,"Sng_Oth",2
221,"THUJ.SPP.ALL",10,"Extra",0
221,"TSUG.CAN",1,"VF_A",0
221,"TSUG.CAN",2,"VF_B",0
221,"TSUG.CAN",3,"Fast_A",14
221,"TSUG.CAN",4,"Fast_B",0
221,"TSUG.CAN",5,"MED",17
221,"TSUG.CAN",6,"Slow_A",351
221,"TSUG.CAN",7,"Slow_B",281
221,"TSUG.CAN",8,"Sng_Stem",8
221,"TSUG.CAN",9,"Sng_Oth",4
221,"TSUG.CAN",10,"Extra",0
222,"ABIE.BAL",1,"VF_A",0
222,"ABIE.BAL",2,"VF_B",0
222,"ABIE.BAL",3,"Fast_A",41
222,"ABIE.BAL",4,"Fast_B",0
222,"ABIE.BAL",5,"MED",51
222,"ABIE.BAL",6,"Slow_A",1062
222,"ABIE.BAL",7,"Slow_B",849
222,"ABIE.BAL",8,"Sng_Stem",23
222,"ABIE.BAL",9,"Sng_Oth",11
222,"ABIE.BAL",10,"Extra",0
222,"ACER.RUB",1,"VF_A",0
222,"ACER.RUB",2,"VF_B",0
222,"ACER.RUB",3,"Fast_A",1
222,"ACER.RUB",4,"Fast_B",0
222,"ACER.RUB",5,"MED",1
222,"ACER.RUB",6,"Slow_A",18
222,"ACER.RUB",7,"Slow_B",15
222,"ACER.RUB",8,"Sng_Stem",0
222,"ACER.RUB",9,"Sng_Oth",0
222,"ACER.RUB",10,"Extra",0
222,"ACER.SAH",1,"VF_A",0
222,"ACER.SAH",2,"VF_B",0
222,"ACER.SAH",3,"Fast_A",1
222,"ACER.SAH",4,"Fast_B",0
222,"ACER.SAH",5,"MED",1
222,"ACER.SAH",6,"Slow_A",18
222,"ACER.SAH",7,"Slow_B",14
222,"ACER.SAH",8,"Sng_Stem",0
222,"ACER.SAH",9,"Sng_Oth",0
222,"ACER.SAH",10,"Extra",0
222,"BETU.ALL",1,"VF_A",0
222,"BETU.ALL",2,"VF_B",0
222,"BETU.ALL",3,"Fast_A",1
222,"BETU.ALL",4,"Fast_B",0
222,"BETU.ALL",5,"MED",1
222,"BETU.ALL",6,"Slow_A",19
222,"BETU.ALL",7,"Slow_B",15
222,"BETU.ALL",8,"Sng_Stem",0
222,"BETU.ALL",9,"Sng_Oth",0
222,"BETU.ALL",10,"Extra",0
222,"BETU.PAP",1,"VF_A",0
222,"BETU.PAP",2,"VF_B",0
222,"BETU.PAP",3,"Fast_A",2
222,"BETU.PAP",4,"Fast_B",0
222,"BETU.PAP",5,"MED",3
222,"BETU.PAP",6,"Slow_A",59
222,"BETU.PAP",7,"Slow_B",47
222,"BETU.PAP",8,"Sng_Stem",1
222,"BETU.PAP",9,"Sng_Oth",1
222,"BETU.PAP",10,"Extra",0
222,"FAGU.GRA",1,"VF_A",0
222,"FAGU.GRA",2,"VF_B",0
222,"FAGU.GRA",3,"Fast_A",0
222,"FAGU.GRA",4,"Fast_B",0
222,"FAGU.GRA",5,"MED",0
222,"FAGU.GRA",6,"Slow_A",1
222,"FAGU.GRA",7,"Slow_B",0
222,"FAGU.GRA",8,"Sng_Stem",0
222,"FAGU.GRA",9,"Sng_Oth",0
222,"FAGU.GRA",10,"Extra",0
222,"LARI.LAR",1,"VF_A",0
222,"LARI.LAR",2,"VF_B",0
222,"LARI.LAR",3,"Fast_A",0
222,"LARI.LAR",4,"Fast_B",0
222,"LARI.LAR",5,"MED",0
222,"LARI.LAR",6,"Slow_A",4
222,"LARI.LAR",7,"Slow_B",3
222,"LARI.LAR",8,"Sng_Stem",0
222,"LARI.LAR",9,"Sng_Oth",0
222,"LARI.LAR",10,"Extra",0
222,"PICE.GLA",1,"VF_A",0
222,"PICE.GLA",2,"VF_B",0
222,"PICE.GLA",3,"Fast_A",55
222,"PICE.GLA",4,"Fast_B",0
222,"PICE.GLA",5,"MED",68
222,"PICE.GLA",6,"Slow_A",1420
222,"PICE.GLA",7,"Slow_B",1136
222,"PICE.GLA",8,"Sng_Stem",30
222,"PICE.GLA",9,"Sng_Oth",15
222,"PICE.GLA",10,"Extra",0
222,"PICE.MAR",1,"VF_A",0
222,"PICE.MAR",2,"VF_B",0
222,"PICE.MAR",3,"Fast_A",11
222,"PICE.MAR",4,"Fast_B",0
222,"PICE.MAR",5,"MED",13
222,"PICE.MAR",6,"Slow_A",277
222,"PICE.MAR",7,"Slow_B",222
222,"PICE.MAR",8,"Sng_Stem",6
222,"PICE.MAR",9,"Sng_Oth",3
222,"PICE.MAR",10,"Extra",0
222,"PICE.RUB",1,"VF_A",0
222,"PICE.RUB",2,"VF_B",0
222,"PICE.RUB",3,"Fast_A",132
222,"PICE.RUB",4,"Fast_B",0
222,"PICE.RUB",5,"MED",163
222,"PICE.RUB",6,"Slow_A",3384
222,"PICE.RUB",7,"Slow_B",2707
222,"PICE.RUB",8,"Sng_Stem",72
222,"PICE.RUB",9,"Sng_Oth",35
222,"PICE.RUB",10,"Extra",0
222,"PINU.BAN",1,"VF_A",0
222,"PINU.BAN",2,"VF_B",0
222,"PINU.BAN",3,"Fast_A",3
222,"PINU.BAN",4,"Fast_B",0
222,"PINU.BAN",5,"MED",4
222,"PINU.BAN",6,"Slow_A",76
222,"PINU.BAN",7,"Slow_B",61
222,"PINU.BAN",8,"Sng_Stem",2
222,"PINU.BAN",9,"Sng_Oth",1
222,"PINU.BAN",10,"Extra",0
222,"PINU.RES",1,"VF_A",0
222,"PINU.RES",2,"VF_B",0
222,"PINU.RES",3,"Fast_A",0
222,"PINU.RES",4,"Fast_B",0
222,"PINU.RES",5,"MED",0
222,"PINU.RES",6,"Slow_A",0
222,"PINU.RES",7,"Slow_B",0
222,"PINU.RES",8,"Sng_Stem",0
222,"PINU.RES",9,"Sng_Oth",0
222,"PINU.RES",10,"Extra",0
222,"PINU.STR",1,"VF_A",0
222,"PINU.STR",2,"VF_B",0
222,"PINU.STR",3,"Fast_A",5
222,"PINU.STR",4,"Fast_B",0
222,"PINU.STR",5,"MED",6
222,"PINU.STR",6,"Slow_A",119
222,"PINU.STR",7,"Slow_B",95
222,"PINU.STR",8,"Sng_Stem",3
222,"PINU.STR",9,"Sng_Oth",1
222,"PINU.STR",10,"Extra",0
222,"POPU.TRE",1,"VF_A",0
222,"POPU.TRE",2,"VF_B",0
222,"POPU.TRE",3,"Fast_A",0
222,"POPU.TRE",4,"Fast_B",0
222,"POPU.TRE",5,"MED",0
222,"POPU.TRE",6,"Slow_A",9
222,"POPU.TRE",7,"Slow_B",7
222,"POPU.TRE",8,"Sng_Stem",0
222,"POPU.TRE",9,"Sng_Oth",0
222,"POPU.TRE",10,"Extra",0
222,"QUER.RUB",1,"VF_A",0
222,"QUER.RUB",2,"VF_B",0
222,"QUER.RUB",3,"Fast_A",0
222,"QUER.RUB",4,"Fast_B",0
222,"QUER.RUB",5,"MED",0
222,"QUER.RUB",6,"Slow_A",0
222,"QUER.RUB",7,"Slow_B",0
222,"QUER.RUB",8,"Sng_Stem",0
222,"QUER.RUB",9,"Sng_Oth",0
222,"QUER.RUB",10,"Extra",0
222,"THUJ.SPP.ALL",1,"VF_A",0
222,"THUJ.SPP.ALL",2,"VF_B",0
222,"THUJ.SPP.ALL",3,"Fast_A",7
222,"THUJ.SPP.ALL",4,"Fast_B",0
222,"THUJ.SPP.ALL",5,"MED",8
222,"THUJ.SPP.ALL",6,"Slow_A",167
222,"THUJ.SPP.ALL",7,"Slow_B",134
222,"THUJ.SPP.ALL",8,"Sng_Stem",4
222,"THUJ.SPP.ALL",9,"Sng_Oth",2
222,"THUJ.SPP.ALL",10,"Extra",0
222,"TSUG.CAN",1,"VF_A",0
222,"TSUG.CAN",2,"VF_B",0
222,"TSUG.CAN",3,"Fast_A",0
222,"TSUG.CAN",4,"Fast_B",0
222,"TSUG.CAN",5,"MED",0
222,"TSUG.CAN",6,"Slow_A",0
222,"TSUG.CAN",7,"Slow_B",0
222,"TSUG.CAN",8,"Sng_Stem",0
222,"TSUG.CAN",9,"Sng_Oth",0
222,"TSUG.CAN",10,"Extra",0
223,"ABIE.BAL",1,"VF_A",0
223,"ABIE.BAL",2,"VF_B",0
223,"ABIE.BAL",3,"Fast_A",38
223,"ABIE.BAL",4,"Fast_B",0
223,"ABIE.BAL",5,"MED",47
223,"ABIE.BAL",6,"Slow_A",967
223,"ABIE.BAL",7,"Slow_B",773
223,"ABIE.BAL",8,"Sng_Stem",21
223,"ABIE.BAL",9,"Sng_Oth",10
223,"ABIE.BAL",10,"Extra",0
223,"ACER.RUB",1,"VF_A",0
223,"ACER.RUB",2,"VF_B",0
223,"ACER.RUB",3,"Fast_A",1
223,"ACER.RUB",4,"Fast_B",0
223,"ACER.RUB",5,"MED",1
223,"ACER.RUB",6,"Slow_A",13
223,"ACER.RUB",7,"Slow_B",11
223,"ACER.RUB",8,"Sng_Stem",0
223,"ACER.RUB",9,"Sng_Oth",0
223,"ACER.RUB",10,"Extra",0
223,"ACER.SAH",1,"VF_A",0
223,"ACER.SAH",2,"VF_B",0
223,"ACER.SAH",3,"Fast_A",1
223,"ACER.SAH",4,"Fast_B",0
223,"ACER.SAH",5,"MED",1
223,"ACER.SAH",6,"Slow_A",17
223,"ACER.SAH",7,"Slow_B",14
223,"ACER.SAH",8,"Sng_Stem",0
223,"ACER.SAH",9,"Sng_Oth",0
223,"ACER.SAH",10,"Extra",0
223,"BETU.ALL",1,"VF_A",0
223,"BETU.ALL",2,"VF_B",0
223,"BETU.ALL",3,"Fast_A",1
223,"BETU.ALL",4,"Fast_B",0
223,"BETU.ALL",5,"MED",1
223,"BETU.ALL",6,"Slow_A",17
223,"BETU.ALL",7,"Slow_B",13
223,"BETU.ALL",8,"Sng_Stem",0
223,"BETU.ALL",9,"Sng_Oth",0
223,"BETU.ALL",10,"Extra",0
223,"BETU.PAP",1,"VF_A",0
223,"BETU.PAP",2,"VF_B",0
223,"BETU.PAP",3,"Fast_A",2
223,"BETU.PAP",4,"Fast_B",0
223,"BETU.PAP",5,"MED",3
223,"BETU.PAP",6,"Slow_A",55
223,"BETU.PAP",7,"Slow_B",44
223,"BETU.PAP",8,"Sng_Stem",1
223,"BETU.PAP",9,"Sng_Oth",1
223,"BETU.PAP",10,"Extra",0
223,"FAGU.GRA",1,"VF_A",0
223,"FAGU.GRA",2,"VF_B",0
223,"FAGU.GRA",3,"Fast_A",0
223,"FAGU.GRA",4,"Fast_B",0
223,"FAGU.GRA",5,"MED",0
223,"FAGU.GRA",6,"Slow_A",1
223,"FAGU.GRA",7,"Slow_B",0
223,"FAGU.GRA",8,"Sng_Stem",0
223,"FAGU.GRA",9,"Sng_Oth",0
223,"FAGU.GRA",10,"Extra",0
223,"LARI.LAR",1,"VF_A",0
223,"LARI.LAR",2,"VF_B",0
223,"LARI.LAR",3,"Fast_A",0
223,"LARI.LAR",4,"Fast_B",0
223,"LARI.LAR",5,"MED",0
223,"LARI.LAR",6,"Slow_A",4
223,"LARI.LAR",7,"Slow_B",3
223,"LARI.LAR",8,"Sng_Stem",0
223,"LARI.LAR",9,"Sng_Oth",0
223,"LARI.LAR",10,"Extra",0
223,"PICE.GLA",1,"VF_A",0
223,"PICE.GLA",2,"VF_B",0
223,"PICE.GLA",3,"Fast_A",60
223,"PICE.GLA",4,"Fast_B",0
223,"PICE.GLA",5,"MED",73
223,"PICE.GLA",6,"Slow_A",1525
223,"PICE.GLA",7,"Slow_B",1220
223,"PICE.GLA",8,"Sng_Stem",33
223,"PICE.GLA",9,"Sng_Oth",16
223,"PICE.GLA",10,"Extra",0
223,"PICE.MAR",1,"VF_A",0
223,"PICE.MAR",2,"VF_B",0
223,"PICE.MAR",3,"Fast_A",9
223,"PICE.MAR",4,"Fast_B",0
223,"PICE.MAR",5,"MED",11
223,"PICE.MAR",6,"Slow_A",234
223,"PICE.MAR",7,"Slow_B",187
223,"PICE.MAR",8,"Sng_Stem",5
223,"PICE.MAR",9,"Sng_Oth",2
223,"PICE.MAR",10,"Extra",0
223,"PICE.RUB",1,"VF_A",0
223,"PICE.RUB",2,"VF_B",0
223,"PICE.RUB",3,"Fast_A",138
223,"PICE.RUB",4,"Fast_B",0
223,"PICE.RUB",5,"MED",170
223,"PICE.RUB",6,"Slow_A",3525
223,"PICE.RUB",7,"Slow_B",2820
223,"PICE.RUB",8,"Sng_Stem",76
223,"PICE.RUB",9,"Sng_Oth",37
223,"PICE.RUB",10,"Extra",0
223,"PINU.BAN",1,"VF_A",0
223,"PINU.BAN",2,"VF_B",0
223,"PINU.BAN",3,"Fast_A",2
223,"PINU.BAN",4,"Fast_B",0
223,"PINU.BAN",5,"MED",2
223,"PINU.BAN",6,"Slow_A",43
223,"PINU.BAN",7,"Slow_B",34
223,"PINU.BAN",8,"Sng_Stem",1
223,"PINU.BAN",9,"Sng_Oth",0
223,"PINU.BAN",10,"Extra",0
223,"PINU.RES",1,"VF_A",0
223,"PINU.RES",2,"VF_B",0
223,"PINU.RES",3,"Fast_A",0
223,"PINU.RES",4,"Fast_B",0
223,"PINU.RES",5,"MED",0
223,"PINU.RES",6,"Slow_A",0
223,"PINU.RES",7,"Slow_B",0
223,"PINU.RES",8,"Sng_Stem",0
223,"PINU.RES",9,"Sng_Oth",0
223,"PINU.RES",10,"Extra",0
223,"PINU.STR",1,"VF_A",0
223,"PINU.STR",2,"VF_B",0
223,"PINU.STR",3,"Fast_A",3
223,"PINU.STR",4,"Fast_B",0
223,"PINU.STR",5,"MED",4
223,"PINU.STR",6,"Slow_A",80
223,"PINU.STR",7,"Slow_B",64
223,"PINU.STR",8,"Sng_Stem",2
223,"PINU.STR",9,"Sng_Oth",1
223,"PINU.STR",10,"Extra",0
223,"POPU.TRE",1,"VF_A",0
223,"POPU.TRE",2,"VF_B",0
223,"POPU.TRE",3,"Fast_A",0
223,"POPU.TRE",4,"Fast_B",0
223,"POPU.TRE",5,"MED",0
223,"POPU.TRE",6,"Slow_A",8
223,"POPU.TRE",7,"Slow_B",7
223,"POPU.TRE",8,"Sng_Stem",0
223,"POPU.TRE",9,"Sng_Oth",0
223,"POPU.TRE",10,"Extra",0
223,"QUER.RUB",1,"VF_A",0
223,"QUER.RUB",2,"VF_B",0
223,"QUER.RUB",3,"Fast_A",0
223,"QUER.RUB",4,"Fast_B",0
223,"QUER.RUB",5,"MED",0
223,"QUER.RUB",6,"Slow_A",0
223,"QUER.RUB",7,"Slow_B",0
223,"QUER.RUB",8,"Sng_Stem",0
223,"QUER.RUB",9,"Sng_Oth",0
223,"QUER.RUB",10,"Extra",0
223,"THUJ.SPP.ALL",1,"VF_A",0
223,"THUJ.SPP.ALL",2,"VF_B",0
223,"THUJ.SPP.ALL",3,"Fast_A",6
223,"THUJ.SPP.ALL",4,"Fast_B",0
223,"THUJ.SPP.ALL",5,"MED",7
223,"THUJ.SPP.ALL",6,"Slow_A",144
223,"THUJ.SPP.ALL",7,"Slow_B",116
223,"THUJ.SPP.ALL",8,"Sng_Stem",3
223,"THUJ.SPP.ALL",9,"Sng_Oth",2
223,"THUJ.SPP.ALL",10,"Extra",0
223,"TSUG.CAN",1,"VF_A",0
223,"TSUG.CAN",2,"VF_B",0
223,"TSUG.CAN",3,"Fast_A",0
223,"TSUG.CAN",4,"Fast_B",0
223,"TSUG.CAN",5,"MED",0
223,"TSUG.CAN",6,"Slow_A",0
223,"TSUG.CAN",7,"Slow_B",0
223,"TSUG.CAN",8,"Sng_Stem",0
223,"TSUG.CAN",9,"Sng_Oth",0
223,"TSUG.CAN",10,"Extra",0
28,"ABIE.BAL",1,"VF_A",0
28,"ABIE.BAL",2,"VF_B",0
28,"ABIE.BAL",3,"Fast_A",3
28,"ABIE.BAL",4,"Fast_B",0
28,"ABIE.BAL",5,"MED",4
28,"ABIE.BAL",6,"Slow_A",78
28,"ABIE.BAL",7,"Slow_B",63
28,"ABIE.BAL",8,"Sng_Stem",2
28,"ABIE.BAL",9,"Sng_Oth",1
28,"ABIE.BAL",10,"Extra",0
28,"ACER.RUB",1,"VF_A",0
28,"ACER.RUB",2,"VF_B",0
28,"ACER.RUB",3,"Fast_A",4
28,"ACER.RUB",4,"Fast_B",0
28,"ACER.RUB",5,"MED",5
28,"ACER.RUB",6,"Slow_A",108
28,"ACER.RUB",7,"Slow_B",86
28,"ACER.RUB",8,"Sng_Stem",2
28,"ACER.RUB",9,"Sng_Oth",1
28,"ACER.RUB",10,"Extra",0
28,"ACER.SAH",1,"VF_A",0
28,"ACER.SAH",2,"VF_B",0
28,"ACER.SAH",3,"Fast_A",15
28,"ACER.SAH",4,"Fast_B",0
28,"ACER.SAH",5,"MED",19
28,"ACER.SAH",6,"Slow_A",391
28,"ACER.SAH",7,"Slow_B",313
28,"ACER.SAH",8,"Sng_Stem",8
28,"ACER.SAH",9,"Sng_Oth",4
28,"ACER.SAH",10,"Extra",0
28,"BETU.ALL",1,"VF_A",0
28,"BETU.ALL",2,"VF_B",0
28,"BETU.ALL",3,"Fast_A",22
28,"BETU.ALL",4,"Fast_B",0
28,"BETU.ALL",5,"MED",27
28,"BETU.ALL",6,"Slow_A",563
28,"BETU.ALL",7,"Slow_B",450
28,"BETU.ALL",8,"Sng_Stem",12
28,"BETU.ALL",9,"Sng_Oth",6
28,"BETU.ALL",10,"Extra",0
28,"BETU.PAP",1,"VF_A",0
28,"BETU.PAP",2,"VF_B",0
28,"BETU.PAP",3,"Fast_A",0
28,"BETU.PAP",4,"Fast_B",0
28,"BETU.PAP",5,"MED",1
28,"BETU.PAP",6,"Slow_A",13
28,"BETU.PAP",7,"Slow_B",10
28,"BETU.PAP",8,"Sng_Stem",0
28,"BETU.PAP",9,"Sng_Oth",0
28,"BETU.PAP",10,"Extra",0
28,"FAGU.GRA",1,"VF_A",0
28,"FAGU.GRA",2,"VF_B",0
28,"FAGU.GRA",3,"Fast_A",11
28,"FAGU.GRA",4,"Fast_B",0
28,"FAGU.GRA",5,"MED",13
28,"FAGU.GRA",6,"Slow_A",277
28,"FAGU.GRA",7,"Slow_B",221
28,"FAGU.GRA",8,"Sng_Stem",6
28,"FAGU.GRA",9,"Sng_Oth",3
28,"FAGU.GRA",10,"Extra",0
28,"LARI.LAR",1,"VF_A",0
28,"LARI.LAR",2,"VF_B",0
28,"LARI.LAR",3,"Fast_A",0
28,"LARI.LAR",4,"Fast_B",0
28,"LARI.LAR",5,"MED",0
28,"LARI.LAR",6,"Slow_A",6
28,"LARI.LAR",7,"Slow_B",4
28,"LARI.LAR",8,"Sng_Stem",0
28,"LARI.LAR",9,"Sng_Oth",0
28,"LARI.LAR",10,"Extra",0
28,"PICE.GLA",1,"VF_A",0
28,"PICE.GLA",2,"VF_B",0
28,"PICE.GLA",3,"Fast_A",21
28,"PICE.GLA",4,"Fast_B",0
28,"PICE.GLA",5,"MED",26
28,"PICE.GLA",6,"Slow_A",550
28,"PICE.GLA",7,"Slow_B",440
28,"PICE.GLA",8,"Sng_Stem",12
28,"PICE.GLA",9,"Sng_Oth",6
28,"PICE.GLA",10,"Extra",0
28,"PICE.MAR",1,"VF_A",0
28,"PICE.MAR",2,"VF_B",0
28,"PICE.MAR",3,"Fast_A",10
28,"PICE.MAR",4,"Fast_B",0
28,"PICE.MAR",5,"MED",12
28,"PICE.MAR",6,"Slow_A",258
28,"PICE.MAR",7,"Slow_B",206
28,"PICE.MAR",8,"Sng_Stem",6
28,"PICE.MAR",9,"Sng_Oth",3
28,"PICE.MAR",10,"Extra",0
28,"PICE.RUB",1,"VF_A",0
28,"PICE.RUB",2,"VF_B",0
28,"PICE.RUB",3,"Fast_A",66
28,"PICE.RUB",4,"Fast_B",0
28,"PICE.RUB",5,"MED",81
28,"PICE.RUB",6,"Slow_A",1689
28,"PICE.RUB",7,"Slow_B",1351
28,"PICE.RUB",8,"Sng_Stem",36
28,"PICE.RUB",9,"Sng_Oth",18
28,"PICE.RUB",10,"Extra",0
28,"PINU.BAN",1,"VF_A",0
28,"PINU.BAN",2,"VF_B",0
28,"PINU.BAN",3,"Fast_A",1
28,"PINU.BAN",4,"Fast_B",0
28,"PINU.BAN",5,"MED",2
28,"PINU.BAN",6,"Slow_A",31
28,"PINU.BAN",7,"Slow_B",25
28,"PINU.BAN",8,"Sng_Stem",1
28,"PINU.BAN",9,"Sng_Oth",0
28,"PINU.BAN",10,"Extra",0
28,"PINU.RES",1,"VF_A",0
28,"PINU.RES",2,"VF_B",0
28,"PINU.RES",3,"Fast_A",40
28,"PINU.RES",4,"Fast_B",0
28,"PINU.RES",5,"MED",49
28,"PINU.RES",6,"Slow_A",1021
28,"PINU.RES",7,"Slow_B",816
28,"PINU.RES",8,"Sng_Stem",22
28,"PINU.RES",9,"Sng_Oth",11
28,"PINU.RES",10,"Extra",0
28,"PINU.STR",1,"VF_A",0
28,"PINU.STR",2,"VF_B",0
28,"PINU.STR",3,"Fast_A",2
28,"PINU.STR",4,"Fast_B",0
28,"PINU.STR",5,"MED",3
28,"PINU.STR",6,"Slow_A",57
28,"PINU.STR",7,"Slow_B",46
28,"PINU.STR",8,"Sng_Stem",1
28,"PINU.STR",9,"Sng_Oth",1
28,"PINU.STR",10,"Extra",0
28,"POPU.TRE",1,"VF_A",0
28,"POPU.TRE",2,"VF_B",0
28,"POPU.TRE",3,"Fast_A",0
28,"POPU.TRE",4,"Fast_B",0
28,"POPU.TRE",5,"MED",1
28,"POPU.TRE",6,"Slow_A",13
28,"POPU.TRE",7,"Slow_B",10
28,"POPU.TRE",8,"Sng_Stem",0
28,"POPU.TRE",9,"Sng_Oth",0
28,"POPU.TRE",10,"Extra",0
28,"QUER.RUB",1,"VF_A",0
28,"QUER.RUB",2,"VF_B",0
28,"QUER.RUB",3,"Fast_A",12
28,"QUER.RUB",4,"Fast_B",0
28,"QUER.RUB",5,"MED",15
28,"QUER.RUB",6,"Slow_A",302
28,"QUER.RUB",7,"Slow_B",242
28,"QUER.RUB",8,"Sng_Stem",6
28,"QUER.RUB",9,"Sng_Oth",3
28,"QUER.RUB",10,"Extra",0
28,"THUJ.SPP.ALL",1,"VF_A",0
28,"THUJ.SPP.ALL",2,"VF_B",0
28,"THUJ.SPP.ALL",3,"Fast_A",17
28,"THUJ.SPP.ALL",4,"Fast_B",0
28,"THUJ.SPP.ALL",5,"MED",21
28,"THUJ.SPP.ALL",6,"Slow_A",427
28,"THUJ.SPP.ALL",7,"Slow_B",341
28,"THUJ.SPP.ALL",8,"Sng_Stem",9
28,"THUJ.SPP.ALL",9,"Sng_Oth",4
28,"THUJ.SPP.ALL",10,"Extra",0
28,"TSUG.CAN",1,"VF_A",0
28,"TSUG.CAN",2,"VF_B",0
28,"TSUG.CAN",3,"Fast_A",33
28,"TSUG.CAN",4,"Fast_B",0
28,"TSUG.CAN",5,"MED",41
28,"TSUG.CAN",6,"Slow_A",852
28,"TSUG.CAN",7,"Slow_B",682
28,"TSUG.CAN",8,"Sng_Stem",18
28,"TSUG.CAN",9,"Sng_Oth",9
28,"TSUG.CAN",10,"Extra",0
29,"ABIE.BAL",1,"VF_A",0
29,"ABIE.BAL",2,"VF_B",0
29,"ABIE.BAL",3,"Fast_A",5
29,"ABIE.BAL",4,"Fast_B",0
29,"ABIE.BAL",5,"MED",6
29,"ABIE.BAL",6,"Slow_A",123
29,"ABIE.BAL",7,"Slow_B",98
29,"ABIE.BAL",8,"Sng_Stem",3
29,"ABIE.BAL",9,"Sng_Oth",1
29,"ABIE.BAL",10,"Extra",0
29,"ACER.RUB",1,"VF_A",0
29,"ACER.RUB",2,"VF_B",0
29,"ACER.RUB",3,"Fast_A",5
29,"ACER.RUB",4,"Fast_B",0
29,"ACER.RUB",5,"MED",6
29,"ACER.RUB",6,"Slow_A",119
29,"ACER.RUB",7,"Slow_B",95
29,"ACER.RUB",8,"Sng_Stem",3
29,"ACER.RUB",9,"Sng_Oth",1
29,"ACER.RUB",10,"Extra",0
29,"ACER.SAH",1,"VF_A",0
29,"ACER.SAH",2,"VF_B",0
29,"ACER.SAH",3,"Fast_A",12
29,"ACER.SAH",4,"Fast_B",0
29,"ACER.SAH",5,"MED",15
29,"ACER.SAH",6,"Slow_A",305
29,"ACER.SAH",7,"Slow_B",244
29,"ACER.SAH",8,"Sng_Stem",7
29,"ACER.SAH",9,"Sng_Oth",3
29,"ACER.SAH",10,"Extra",0
29,"BETU.ALL",1,"VF_A",0
29,"BETU.ALL",2,"VF_B",0
29,"BETU.ALL",3,"Fast_A",18
29,"BETU.ALL",4,"Fast_B",0
29,"BETU.ALL",5,"MED",22
29,"BETU.ALL",6,"Slow_A",458
29,"BETU.ALL",7,"Slow_B",366
29,"BETU.ALL",8,"Sng_Stem",10
29,"BETU.ALL",9,"Sng_Oth",5
29,"BETU.ALL",10,"Extra",0
29,"BETU.PAP",1,"VF_A",0
29,"BETU.PAP",2,"VF_B",0
29,"BETU.PAP",3,"Fast_A",0
29,"BETU.PAP",4,"Fast_B",0
29,"BETU.PAP",5,"MED",0
29,"BETU.PAP",6,"Slow_A",9
29,"BETU.PAP",7,"Slow_B",7
29,"BETU.PAP",8,"Sng_Stem",0
29,"BETU.PAP",9,"Sng_Oth",0
29,"BETU.PAP",10,"Extra",0
29,"FAGU.GRA",1,"VF_A",0
29,"FAGU.GRA",2,"VF_B",0
29,"FAGU.GRA",3,"Fast_A",8
29,"FAGU.GRA",4,"Fast_B",0
29,"FAGU.GRA",5,"MED",10
29,"FAGU.GRA",6,"Slow_A",208
29,"FAGU.GRA",7,"Slow_B",166
29,"FAGU.GRA",8,"Sng_Stem",4
29,"FAGU.GRA",9,"Sng_Oth",2
29,"FAGU.GRA",10,"Extra",0
29,"LARI.LAR",1,"VF_A",0
29,"LARI.LAR",2,"VF_B",0
29,"LARI.LAR",3,"Fast_A",0
29,"LARI.LAR",4,"Fast_B",0
29,"LARI.LAR",5,"MED",0
29,"LARI.LAR",6,"Slow_A",4
29,"LARI.LAR",7,"Slow_B",3
29,"LARI.LAR",8,"Sng_Stem",0
29,"LARI.LAR",9,"Sng_Oth",0
29,"LARI.LAR",10,"Extra",0
29,"PICE.GLA",1,"VF_A",0
29,"PICE.GLA",2,"VF_B",0
29,"PICE.GLA",3,"Fast_A",13
29,"PICE.GLA",4,"Fast_B",0
29,"PICE.GLA",5,"MED",16
29,"PICE.GLA",6,"Slow_A",327
29,"PICE.GLA",7,"Slow_B",262
29,"PICE.GLA",8,"Sng_Stem",7
29,"PICE.GLA",9,"Sng_Oth",3
29,"PICE.GLA",10,"Extra",0
29,"PICE.MAR",1,"VF_A",0
29,"PICE.MAR",2,"VF_B",0
29,"PICE.MAR",3,"Fast_A",10
29,"PICE.MAR",4,"Fast_B",0
29,"PICE.MAR",5,"MED",12
29,"PICE.MAR",6,"Slow_A",256
29,"PICE.MAR",7,"Slow_B",204
29,"PICE.MAR",8,"Sng_Stem",5
29,"PICE.MAR",9,"Sng_Oth",3
29,"PICE.MAR",10,"Extra",0
29,"PICE.RUB",1,"VF_A",0
29,"PICE.RUB",2,"VF_B",0
29,"PICE.RUB",3,"Fast_A",86
29,"PICE.RUB",4,"Fast_B",0
29,"PICE.RUB",5,"MED",106
29,"PICE.RUB",6,"Slow_A",2208
29,"PICE.RUB",7,"Slow_B",1766
29,"PICE.RUB",8,"Sng_Stem",47
29,"PICE.RUB",9,"Sng_Oth",23
29,"PICE.RUB",10,"Extra",0
29,"PINU.BAN",1,"VF_A",0
29,"PINU.BAN",2,"VF_B",0
29,"PINU.BAN",3,"Fast_A",1
29,"PINU.BAN",4,"Fast_B",0
29,"PINU.BAN",5,"MED",2
29,"PINU.BAN",6,"Slow_A",36
29,"PINU.BAN",7,"Slow_B",29
29,"PINU.BAN",8,"Sng_Stem",1
29,"PINU.BAN",9,"Sng_Oth",0
29,"PINU.BAN",10,"Extra",0
29,"PINU.RES",1,"VF_A",0
29,"PINU.RES",2,"VF_B",0
29,"PINU.RES",3,"Fast_A",37
29,"PINU.RES",4,"Fast_B",0
29,"PINU.RES",5,"MED",45
29,"PINU.RES",6,"Slow_A",940
29,"PINU.RES",7,"Slow_B",752
29,"PINU.RES",8,"Sng_Stem",20
29,"PINU.RES",9,"Sng_Oth",10
29,"PINU.RES",10,"Extra",0
29,"PINU.STR",1,"VF_A",0
29,"PINU.STR",2,"VF_B",0
29,"PINU.STR",3,"Fast_A",3
29,"PINU.STR",4,"Fast_B",0
29,"PINU.STR",5,"MED",4
29,"PINU.STR",6,"Slow_A",82
29,"PINU.STR",7,"Slow_B",65
29,"PINU.STR",8,"Sng_Stem",2
29,"PINU.STR",9,"Sng_Oth",1
29,"PINU.STR",10,"Extra",0
29,"POPU.TRE",1,"VF_A",0
29,"POPU.TRE",2,"VF_B",0
29,"POPU.TRE",3,"Fast_A",0
29,"POPU.TRE",4,"Fast_B",0
29,"POPU.TRE",5,"MED",0
29,"POPU.TRE",6,"Slow_A",9
29,"POPU.TRE",7,"Slow_B",7
29,"POPU.TRE",8,"Sng_Stem",0
29,"POPU.TRE",9,"Sng_Oth",0
29,"POPU.TRE",10,"Extra",0
29,"QUER.RUB",1,"VF_A",0
29,"QUER.RUB",2,"VF_B",0
29,"QUER.RUB",3,"Fast_A",10
29,"QUER.RUB",4,"Fast_B",0
29,"QUER.RUB",5,"MED",13
29,"QUER.RUB",6,"Slow_A",260
29,"QUER.RUB",7,"Slow_B",208
29,"QUER.RUB",8,"Sng_Stem",6
29,"QUER.RUB",9,"Sng_Oth",3
29,"QUER.RUB",10,"Extra",0
29,"THUJ.SPP.ALL",1,"VF_A",0
29,"THUJ.SPP.ALL",2,"VF_B",0
29,"THUJ.SPP.ALL",3,"Fast_A",21
29,"THUJ.SPP.ALL",4,"Fast_B",0
29,"THUJ.SPP.ALL",5,"MED",25
29,"THUJ.SPP.ALL",6,"Slow_A",526
29,"THUJ.SPP.ALL",7,"Slow_B",421
29,"THUJ.SPP.ALL",8,"Sng_Stem",11
29,"THUJ.SPP.ALL",9,"Sng_Oth",5
29,"THUJ.SPP.ALL",10,"Extra",0
29,"TSUG.CAN",1,"VF_A",0
29,"TSUG.CAN",2,"VF_B",0
29,"TSUG.CAN",3,"Fast_A",30
29,"TSUG.CAN",4,"Fast_B",0
29,"TSUG.CAN",5,"MED",37
29,"TSUG.CAN",6,"Slow_A",765
29,"TSUG.CAN",7,"Slow_B",612
29,"TSUG.CAN",8,"Sng_Stem",16
29,"TSUG.CAN",9,"Sng_Oth",8
29,"TSUG.CAN",10,"Extra",0
378,"ABIE.BAL",1,"VF_A",0
378,"ABIE.BAL",2,"VF_B",0
378,"ABIE.BAL",3,"Fast_A",23
378,"ABIE.BAL",4,"Fast_B",0
378,"ABIE.BAL",5,"MED",28
378,"ABIE.BAL",6,"Slow_A",590
378,"ABIE.BAL",7,"Slow_B",472
378,"ABIE.BAL",8,"Sng_Stem",13
378,"ABIE.BAL",9,"Sng_Oth",6
378,"ABIE.BAL",10,"Extra",0
378,"ACER.RUB",1,"VF_A",0
378,"ACER.RUB",2,"VF_B",0
378,"ACER.RUB",3,"Fast_A",40
378,"ACER.RUB",4,"Fast_B",0
378,"ACER.RUB",5,"MED",50
378,"ACER.RUB",6,"Slow_A",1034
378,"ACER.RUB",7,"Slow_B",827
378,"ACER.RUB",8,"Sng_Stem",22
378,"ACER.RUB",9,"Sng_Oth",11
378,"ACER.RUB",10,"Extra",0
378,"ACER.SAH",1,"VF_A",0
378,"ACER.SAH",2,"VF_B",0
378,"ACER.SAH",3,"Fast_A",0
378,"ACER.SAH",4,"Fast_B",0
378,"ACER.SAH",5,"MED",0
378,"ACER.SAH",6,"Slow_A",0
378,"ACER.SAH",7,"Slow_B",0
378,"ACER.SAH",8,"Sng_Stem",0
378,"ACER.SAH",9,"Sng_Oth",0
378,"ACER.SAH",10,"Extra",0
378,"BETU.ALL",1,"VF_A",0
378,"BETU.ALL",2,"VF_B",0
378,"BETU.ALL",3,"Fast_A",0
378,"BETU.ALL",4,"Fast_B",0
378,"BETU.ALL",5,"MED",0
378,"BETU.ALL",6,"Slow_A",0
378,"BETU.ALL",7,"Slow_B",0
378,"BETU.ALL",8,"Sng_Stem",0
378,"BETU.ALL",9,"Sng_Oth",0
378,"BETU.ALL",10,"Extra",0
378,"BETU.PAP",1,"VF_A",0
378,"BETU.PAP",2,"VF_B",0
378,"BETU.PAP",3,"Fast_A",3
378,"BETU.PAP",4,"Fast_B",0
378,"BETU.PAP",5,"MED",4
378,"BETU.PAP",6,"Slow_A",75
378,"BETU.PAP",7,"Slow_B",60
378,"BETU.PAP",8,"Sng_Stem",2
378,"BETU.PAP",9,"Sng_Oth",1
378,"BETU.PAP",10,"Extra",0
378,"FAGU.GRA",1,"VF_A",0
378,"FAGU.GRA",2,"VF_B",0
378,"FAGU.GRA",3,"Fast_A",0
378,"FAGU.GRA",4,"Fast_B",0
378,"FAGU.GRA",5,"MED",0
378,"FAGU.GRA",6,"Slow_A",0
378,"FAGU.GRA",7,"Slow_B",0
378,"FAGU.GRA",8,"Sng_Stem",0
378,"FAGU.GRA",9,"Sng_Oth",0
378,"FAGU.GRA",10,"Extra",0
378,"LARI.LAR",1,"VF_A",0
378,"LARI.LAR",2,"VF_B",0
378,"LARI.LAR",3,"Fast_A",0
378,"LARI.LAR",4,"Fast_B",0
378,"LARI.LAR",5,"MED",0
378,"LARI.LAR",6,"Slow_A",0
378,"LARI.LAR",7,"Slow_B",0
378,"LARI.LAR",8,"Sng_Stem",0
378,"LARI.LAR",9,"Sng_Oth",0
378,"LARI.LAR",10,"Extra",0
378,"PICE.GLA",1,"VF_A",0
378,"PICE.GLA",2,"VF_B",0
378,"PICE.GLA",3,"Fast_A",91
378,"PICE.GLA",4,"Fast_B",0
378,"PICE.GLA",5,"MED",112
378,"PICE.GLA",6,"Slow_A",2326
378,"PICE.GLA",7,"Slow_B",1860
378,"PICE.GLA",8,"Sng_Stem",50
378,"PICE.GLA",9,"Sng_Oth",24
378,"PICE.GLA",10,"Extra",0
378,"PICE.MAR",1,"VF_A",0
378,"PICE.MAR",2,"VF_B",0
378,"PICE.MAR",3,"Fast_A",38
378,"PICE.MAR",4,"Fast_B",0
378,"PICE.MAR",5,"MED",47
378,"PICE.MAR",6,"Slow_A",986
378,"PICE.MAR",7,"Slow_B",788
378,"PICE.MAR",8,"Sng_Stem",21
378,"PICE.MAR",9,"Sng_Oth",10
378,"PICE.MAR",10,"Extra",0
378,"PICE.RUB",1,"VF_A",0
378,"PICE.RUB",2,"VF_B",0
378,"PICE.RUB",3,"Fast_A",0
378,"PICE.RUB",4,"Fast_B",0
378,"PICE.RUB",5,"MED",0
378,"PICE.RUB",6,"Slow_A",0
378,"PICE.RUB",7,"Slow_B",0
378,"PICE.RUB",8,"Sng_Stem",0
378,"PICE.RUB",9,"Sng_Oth",0
378,"PICE.RUB",10,"Extra",0
378,"PINU.BAN",1,"VF_A",0
378,"PINU.BAN",2,"VF_B",0
378,"PINU.BAN",3,"Fast_A",2
378,"PINU.BAN",4,"Fast_B",0
378,"PINU.BAN",5,"MED",2
378,"PINU.BAN",6,"Slow_A",50
378,"PINU.BAN",7,"Slow_B",40
378,"PINU.BAN",8,"Sng_Stem",1
378,"PINU.BAN",9,"Sng_Oth",1
378,"PINU.BAN",10,"Extra",0
378,"PINU.RES",1,"VF_A",0
378,"PINU.RES",2,"VF_B",0
378,"PINU.RES",3,"Fast_A",0
378,"PINU.RES",4,"Fast_B",0
378,"PINU.RES",5,"MED",0
378,"PINU.RES",6,"Slow_A",0
378,"PINU.RES",7,"Slow_B",0
378,"PINU.RES",8,"Sng_Stem",0
378,"PINU.RES",9,"Sng_Oth",0
378,"PINU.RES",10,"Extra",0
378,"PINU.STR",1,"VF_A",0
378,"PINU.STR",2,"VF_B",0
378,"PINU.STR",3,"Fast_A",0
378,"PINU.STR",4,"Fast_B",0
378,"PINU.STR",5,"MED",0
378,"PINU.STR",6,"Slow_A",0
378,"PINU.STR",7,"Slow_B",0
378,"PINU.STR",8,"Sng_Stem",0
378,"PINU.STR",9,"Sng_Oth",0
378,"PINU.STR",10,"Extra",0
378,"POPU.TRE",1,"VF_A",0
378,"POPU.TRE",2,"VF_B",0
378,"POPU.TRE",3,"Fast_A",2
378,"POPU.TRE",4,"Fast_B",0
378,"POPU.TRE",5,"MED",2
378,"POPU.TRE",6,"Slow_A",41
378,"POPU.TRE",7,"Slow_B",33
378,"POPU.TRE",8,"Sng_Stem",1
378,"POPU.TRE",9,"Sng_Oth",0
378,"POPU.TRE",10,"Extra",0
378,"QUER.RUB",1,"VF_A",0
378,"QUER.RUB",2,"VF_B",0
378,"QUER.RUB",3,"Fast_A",0
378,"QUER.RUB",4,"Fast_B",0
378,"QUER.RUB",5,"MED",0
378,"QUER.RUB",6,"Slow_A",0
378,"QUER.RUB",7,"Slow_B",0
378,"QUER.RUB",8,"Sng_Stem",0
378,"QUER.RUB",9,"Sng_Oth",0
378,"QUER.RUB",10,"Extra",0
378,"THUJ.SPP.ALL",1,"VF_A",0
378,"THUJ.SPP.ALL",2,"VF_B",0
378,"THUJ.SPP.ALL",3,"Fast_A",60
378,"THUJ.SPP.ALL",4,"Fast_B",0
378,"THUJ.SPP.ALL",5,"MED",74
378,"THUJ.SPP.ALL",6,"Slow_A",1533
378,"THUJ.SPP.ALL",7,"Slow_B",1226
378,"THUJ.SPP.ALL",8,"Sng_Stem",33
378,"THUJ.SPP.ALL",9,"Sng_Oth",16
378,"THUJ.SPP.ALL",10,"Extra",0
378,"TSUG.CAN",1,"VF_A",0
378,"TSUG.CAN",2,"VF_B",0
378,"TSUG.CAN",3,"Fast_A",0
378,"TSUG.CAN",4,"Fast_B",0
378,"TSUG.CAN",5,"MED",0
378,"TSUG.CAN",6,"Slow_A",0
378,"TSUG.CAN",7,"Slow_B",0
378,"TSUG.CAN",8,"Sng_Stem",0
378,"TSUG.CAN",9,"Sng_Oth",0
378,"TSUG.CAN",10,"Extra",0
379,"ABIE.BAL",1,"VF_A",0
379,"ABIE.BAL",2,"VF_B",0
379,"ABIE.BAL",3,"Fast_A",23
379,"ABIE.BAL",4,"Fast_B",0
379,"ABIE.BAL",5,"MED",29
379,"ABIE.BAL",6,"Slow_A",596
379,"ABIE.BAL",7,"Slow_B",476
379,"ABIE.BAL",8,"Sng_Stem",13
379,"ABIE.BAL",9,"Sng_Oth",6
379,"ABIE.BAL",10,"Extra",0
379,"ACER.RUB",1,"VF_A",0
379,"ACER.RUB",2,"VF_B",0
379,"ACER.RUB",3,"Fast_A",27
379,"ACER.RUB",4,"Fast_B",0
379,"ACER.RUB",5,"MED",33
379,"ACER.RUB",6,"Slow_A",683
379,"ACER.RUB",7,"Slow_B",547
379,"ACER.RUB",8,"Sng_Stem",15
379,"ACER.RUB",9,"Sng_Oth",7
379,"ACER.RUB",10,"Extra",0
379,"ACER.SAH",1,"VF_A",0
379,"ACER.SAH",2,"VF_B",0
379,"ACER.SAH",3,"Fast_A",0
379,"ACER.SAH",4,"Fast_B",0
379,"ACER.SAH",5,"MED",0
379,"ACER.SAH",6,"Slow_A",0
379,"ACER.SAH",7,"Slow_B",0
379,"ACER.SAH",8,"Sng_Stem",0
379,"ACER.SAH",9,"Sng_Oth",0
379,"ACER.SAH",10,"Extra",0
379,"BETU.ALL",1,"VF_A",0
379,"BETU.ALL",2,"VF_B",0
379,"BETU.ALL",3,"Fast_A",0
379,"BETU.ALL",4,"Fast_B",0
379,"BETU.ALL",5,"MED",0
379,"BETU.ALL",6,"Slow_A",0
379,"BETU.ALL",7,"Slow_B",0
379,"BETU.ALL",8,"Sng_Stem",0
379,"BETU.ALL",9,"Sng_Oth",0
379,"BETU.ALL",10,"Extra",0
379,"BETU.PAP",1,"VF_A",0
379,"BETU.PAP",2,"VF_B",0
379,"BETU.PAP",3,"Fast_A",5
379,"BETU.PAP",4,"Fast_B",0
379,"BETU.PAP",5,"MED",6
379,"BETU.PAP",6,"Slow_A",124
379,"BETU.PAP",7,"Slow_B",99
379,"BETU.PAP",8,"Sng_Stem",3
379,"BETU.PAP",9,"Sng_Oth",1
379,"BETU.PAP",10,"Extra",0
379,"FAGU.GRA",1,"VF_A",0
379,"FAGU.GRA",2,"VF_B",0
379,"FAGU.GRA",3,"Fast_A",0
379,"FAGU.GRA",4,"Fast_B",0
379,"FAGU.GRA",5,"MED",0
379,"FAGU.GRA",6,"Slow_A",0
379,"FAGU.GRA",7,"Slow_B",0
379,"FAGU.GRA",8,"Sng_Stem",0
379,"FAGU.GRA",9,"Sng_Oth",0
379,"FAGU.GRA",10,"Extra",0
379,"LARI.LAR",1,"VF_A",0
379,"LARI.LAR",2,"VF_B",0
379,"LARI.LAR",3,"Fast_A",0
379,"LARI.LAR",4,"Fast_B",0
379,"LARI.LAR",5,"MED",0
379,"LARI.LAR",6,"Slow_A",0
379,"LARI.LAR",7,"Slow_B",0
379,"LARI.LAR",8,"Sng_Stem",0
379,"LARI.LAR",9,"Sng_Oth",0
379,"LARI.LAR",10,"Extra",0
379,"PICE.GLA",1,"VF_A",0
379,"PICE.GLA",2,"VF_B",0
379,"PICE.GLA",3,"Fast_A",96
379,"PICE.GLA",4,"Fast_B",0
379,"PICE.GLA",5,"MED",119
379,"PICE.GLA",6,"Slow_A",2465
379,"PICE.GLA",7,"Slow_B",1972
379,"PICE.GLA",8,"Sng_Stem",53
379,"PICE.GLA",9,"Sng_Oth",26
379,"PICE.GLA",10,"Extra",0
379,"PICE.MAR",1,"VF_A",0
379,"PICE.MAR",2,"VF_B",0
379,"PICE.MAR",3,"Fast_A",53
379,"PICE.MAR",4,"Fast_B",0
379,"PICE.MAR",5,"MED",65
379,"PICE.MAR",6,"Slow_A",1347
379,"PICE.MAR",7,"Slow_B",1078
379,"PICE.MAR",8,"Sng_Stem",29
379,"PICE.MAR",9,"Sng_Oth",14
379,"PICE.MAR",10,"Extra",0
379,"PICE.RUB",1,"VF_A",0
379,"PICE.RUB",2,"VF_B",0
379,"PICE.RUB",3,"Fast_A",0
379,"PICE.RUB",4,"Fast_B",0
379,"PICE.RUB",5,"MED",0
379,"PICE.RUB",6,"Slow_A",0
379,"PICE.RUB",7,"Slow_B",0
379,"PICE.RUB",8,"Sng_Stem",0
379,"PICE.RUB",9,"Sng_Oth",0
379,"PICE.RUB",10,"Extra",0
379,"PINU.BAN",1,"VF_A",0
379,"PINU.BAN",2,"VF_B",0
379,"PINU.BAN",3,"Fast_A",1
379,"PINU.BAN",4,"Fast_B",0
379,"PINU.BAN",5,"MED",1
379,"PINU.BAN",6,"Slow_A",29
379,"PINU.BAN",7,"Slow_B",23
379,"PINU.BAN",8,"Sng_Stem",1
379,"PINU.BAN",9,"Sng_Oth",0
379,"PINU.BAN",10,"Extra",0
379,"PINU.RES",1,"VF_A",0
379,"PINU.RES",2,"VF_B",0
379,"PINU.RES",3,"Fast_A",0
379,"PINU.RES",4,"Fast_B",0
379,"PINU.RES",5,"MED",0
379,"PINU.RES",6,"Slow_A",0
379,"PINU.RES",7,"Slow_B",0
379,"PINU.RES",8,"Sng_Stem",0
379,"PINU.RES",9,"Sng_Oth",0
379,"PINU.RES",10,"Extra",0
379,"PINU.STR",1,"VF_A",0
379,"PINU.STR",2,"VF_B",0
379,"PINU.STR",3,"Fast_A",0
379,"PINU.STR",4,"Fast_B",0
379,"PINU.STR",5,"MED",0
379,"PINU.STR",6,"Slow_A",10
379,"PINU.STR",7,"Slow_B",8
379,"PINU.STR",8,"Sng_Stem",0
379,"PINU.STR",9,"Sng_Oth",0
379,"PINU.STR",10,"Extra",0
379,"POPU.TRE",1,"VF_A",0
379,"POPU.TRE",2,"VF_B",0
379,"POPU.TRE",3,"Fast_A",2
379,"POPU.TRE",4,"Fast_B",0
379,"POPU.TRE",5,"MED",3
379,"POPU.TRE",6,"Slow_A",60
379,"POPU.TRE",7,"Slow_B",48
379,"POPU.TRE",8,"Sng_Stem",1
379,"POPU.TRE",9,"Sng_Oth",1
379,"POPU.TRE",10,"Extra",0
379,"QUER.RUB",1,"VF_A",0
379,"QUER.RUB",2,"VF_B",0
379,"QUER.RUB",3,"Fast_A",0
379,"QUER.RUB",4,"Fast_B",0
379,"QUER.RUB",5,"MED",0
379,"QUER.RUB",6,"Slow_A",0
379,"QUER.RUB",7,"Slow_B",0
379,"QUER.RUB",8,"Sng_Stem",0
379,"QUER.RUB",9,"Sng_Oth",0
379,"QUER.RUB",10,"Extra",0
379,"THUJ.SPP.ALL",1,"VF_A",0
379,"THUJ.SPP.ALL",2,"VF_B",0
379,"THUJ.SPP.ALL",3,"Fast_A",51
379,"THUJ.SPP.ALL",4,"Fast_B",0
379,"THUJ.SPP.ALL",5,"MED",63
379,"THUJ.SPP.ALL",6,"Slow_A",1319
379,"THUJ.SPP.ALL",7,"Slow_B",1055
379,"THUJ.SPP.ALL",8,"Sng_Stem",28
379,"THUJ.SPP.ALL",9,"Sng_Oth",14
379,"THUJ.SPP.ALL",10,"Extra",0
379,"TSUG.CAN",1,"VF_A",0
379,"TSUG.CAN",2,"VF_B",0
379,"TSUG.CAN",3,"Fast_A",0
379,"TSUG.CAN",4,"Fast_B",0
379,"TSUG.CAN",5,"MED",0
379,"TSUG.CAN",6,"Slow_A",0
379,"TSUG.CAN",7,"Slow_B",0
379,"TSUG.CAN",8,"Sng_Stem",0
379,"TSUG.CAN",9,"Sng_Oth",0
379,"TSUG.CAN",10,"Extra",0
